"Current account balance, percent of GDP (Percent of GDP)",1980,1981,1982,1983,1984,1985,1986,1987,1988,1989,1990,1991,1992,1993,1994,1995,1996,1997,1998,1999,2000,2001,2002,2003,2004,2005,2006,2007,2008,2009,2010,2011,2012,2013,2014,2015,2016,2017,2018,2019,2020,2021,2022,2023,2024,2025,2026,2027
Afghanistan,,,,,,,,,,,,,,,,,,,,,,,33.9,29.6,37.2,30.2,20.8,63.4,33.8,41.6,29.4,26.6,10.9,1.4,6.5,3.7,9,7.6,12.2,11.7,11.2,,,,,,,
Albania,0.1,-0.5,-2.3,-1.6,-1.3,-1.2,0.1,0.3,-1,-2.7,-4.3,-12.4,-8.2,1.7,-3.7,-2,-7.9,-13,-6.9,-1.9,-7.1,-6.3,-10.2,-7.7,-5.8,-9.1,-6.7,-10.6,-15.8,-15.4,-11.3,-12.9,-10.2,-9.3,-10.8,-8.6,-7.6,-7.5,-6.8,-7.6,-8.7,-7.7,-8.8,-8,-7.8,-7.7,-7.6,-7.5
Algeria,0.6,-0.5,-1,-0.2,0.1,1.7,-3.6,0.2,-3.7,-2,2.2,5.1,2.6,1.6,-4.3,-5.3,2.7,7.2,-1.9,0,16.7,12.9,7.7,13,13,20.5,24.7,22.7,20.1,0.3,7.5,9.9,5.9,0.4,-4.4,-16.4,-16.5,-13.1,-9.6,-9.9,-12.7,-2.8,2.9,-0.2,-2.6,-3.4,-4.5,-5
Andorra,,,,,,,,,,,,,,,,,,,,,,,,,,,,,,,,,,,,,,,,18,14.6,15.9,16.9,17.4,17.8,18.3,18.7,19.2
Angola,1.1,-2.9,-8,-5.5,-2.5,2.3,-3.8,4.9,-4.8,-1.2,-1.9,-4.8,-7.8,-9.8,-6.8,-4.8,40.9,-9.4,-23.5,-22.7,7.1,-13.1,-1,-4,2.9,13.9,20.4,16.2,8.1,-10.8,9,11.7,10.8,6.1,-2.6,-8.8,-3.1,-0.5,7.3,6.1,1.5,11.3,11,4.9,2.9,1.4,0.5,-0.3
Antigua and Barbuda,,,,,,,,,,,,,,,,,,,,,,,,,,,,,,,,,,,0.3,2.2,-2.4,-8,-14.5,-7.5,-18.4,-19.7,-23.6,-16.8,-16.1,-13.5,-12,-10.2
Argentina,-1.1,-3,-3.1,-2.1,-1.9,-1,-2.4,-3.5,-1.1,1.2,3,-0.2,-2.5,-3,-3.8,-1.8,-2.4,-3.8,-4.4,-3.8,-2.9,-1.3,7.7,5.6,1.8,2.5,2.8,2.1,1.5,2.2,-0.4,-1,-0.4,-2.1,-1.6,-2.7,-2.7,-4.8,-5.2,-0.8,0.9,1.3,0.5,0.4,0.3,0.4,0.6,0.7
Armenia,,,,,,,,,,,,,-46.3,-6,3.8,-17,-18.2,-19.3,-22,-16.9,-15.8,-10.4,-6.2,-6.2,-2.2,-2.5,-2.4,-7.4,-14.2,-16.5,-13.6,-10.4,-10,-7.3,-7.8,-2.7,-1,-1.5,-7,-7.4,-3.8,-2.4,-6.2,-5.9,-5.9,-5.8,-5.8,-5.7
Aruba,,,,,,,,,,,,,,,,,,,,-25.3,11.4,16.2,-17.3,-8.2,12.1,4.9,12.7,9.7,0,6.9,-18.7,-10,3.6,-12,-4.8,3.9,4.6,1,-0.5,2.5,-13.1,9,-2.7,-4.1,2,0,-0.3,1.3
Australia,-2.4,-4.1,-4.1,-3.1,-4.1,-4.9,-5.1,-3.4,-3.8,-6,-4.9,-3.3,-3.3,-3,-4.5,-5,-3.5,-2.9,-4.9,-5.5,-4.1,-2.2,-3.8,-5.3,-6.3,-6,-5.9,-6.7,-4.8,-4.5,-3.7,-3,-4.4,-3.4,-3,-4.6,-3.3,-2.6,-2.1,0.6,2.6,3.5,3,0.5,0.4,0.2,0.1,-0.1
Austria,-4.8,-4.3,1,0.4,-0.3,-0.2,0.2,-0.2,-0.2,0.2,0.7,0,-0.4,-0.5,-1.5,-2.9,-2.8,-2.5,-1.9,-2.3,-0.7,-0.8,2.1,1.5,2.1,2.3,3.3,3.8,4.5,2.6,2.9,1.6,1.5,1.9,2.5,1.7,2.7,1.4,0.9,2.1,1.9,-0.6,-0.6,0.8,1.4,1.8,2.1,2.1
Azerbaijan,,,,,,,,,,,,,-16.6,-12.2,-5.5,-13.2,-25.9,-23.1,-31.9,-13.1,-3.5,-0.9,-12.3,-27.8,-29.8,1.3,17.6,27.3,33.6,23,28.4,26,21.4,16.6,13.9,-0.4,-3.6,4.1,12.8,9.1,-0.5,15.2,37.2,28.5,23.6,20.8,18.4,17.1
"Bahamas, The",-0.6,-3.1,-2.2,-1.2,-1.3,-1,-0.8,-1.2,-1.4,-1.7,-0.8,-3.5,0.6,5.6,3.8,2.3,0.3,-5.4,-10.1,1.4,-1.5,-3.8,0.1,-0.2,1.6,-3.1,-10.1,-9,-8.3,-8.1,-7.9,-10.9,-14.3,-14.4,-19.7,-12.4,-12.3,-13.7,-9.3,-2.7,-23.5,-19.3,-18.1,-12.6,-8.6,-7.2,-6.1,-5.2
Bahrain,5.1,10.6,10,2.4,4.8,0.9,-2.1,-5.6,4.3,-4.1,1.4,-11.6,-15.2,-5.6,-4,3.5,3.7,-0.4,-11.1,-0.3,9.3,2.5,-0.6,1.8,3.6,9.2,11.8,13.4,8.8,2.4,3,8.8,8.4,7.4,4.6,-2.4,-4.6,-4.1,-6.4,-2.1,-9.3,6.7,10.8,7.7,5.2,3.5,2.4,1.7
Bangladesh,-0.9,-2.1,-3.2,-2.6,-2.3,-2.8,-2.6,-2,-2.8,-3.8,-3.2,-1.8,-0.6,-0.3,-0.6,-1.4,-2,-1.7,-1.1,-0.7,-0.6,-1.9,0.3,0.3,0.3,-0.8,0.8,1.2,0.3,2,2.8,-1.7,-0.3,1.6,0.8,1.8,1.9,-0.5,-3.5,-1.5,-1.7,-1.3,-3.2,-2.9,-2.7,-2.4,-2.3,-2.4
Barbados,-2.7,-11.3,-3.6,-4.2,0.8,0.3,-1,-3.1,0.1,-0.1,-1.9,-1.2,7.4,3.3,6.5,2.6,3.7,-1.4,-3,-4.6,-3.7,-3.7,-5.2,-3.7,-10.5,-10.5,-10.5,-4.8,-9.6,-6,-4.6,-11.8,-8.5,-8.4,-9.2,-6.1,-4.3,-3.8,-4,-3.1,-6.9,-11.4,-12.3,-9,-6.9,-5.5,-4.7,-3.8
Belarus,,,,,,,,,,,,,1.7,-3.8,-2.8,-4.4,-3.6,-6.1,-6.7,-1.6,-4.3,-4.1,-2.2,-2.5,-5,1.5,-3.6,-6.4,-7.9,-12.1,-14.5,-8.2,-2.8,-10,-6.6,-3.3,-3.4,-1.7,0,-1.9,-0.4,2.7,-1.2,-1,-1.2,-1,-1,-0.9
Belgium,-4,-4.1,-2.9,-0.6,-0.1,0.8,2.6,1.9,2.3,2.3,1.8,2.3,2.9,5.1,5.3,5.3,5,5.5,5.1,7.8,4,3.3,4.5,3.4,3.1,2,1.9,1.5,-1,1.7,1.6,-1.9,-0.1,1,0.8,1.4,0.6,0.7,-0.8,0.2,0.8,0.9,0.5,0.9,1.2,1.3,1.5,1.7
Belize,-2.1,-2.6,-9.7,-6.6,-2.5,4.3,5.2,3.5,-0.8,-5.2,3.7,-5.8,-5.5,-8.7,-6.9,-2.8,-1,-4.9,-6,-8.5,-19.4,-21.8,-17.7,-18.6,-14.6,-13.6,-2.1,-4.1,-10.7,-6.3,-3.3,-1.4,-2.2,-4.6,-8.1,-10.1,-9.1,-8.6,-8,-9.5,-8.1,-8.9,-9.3,-8.9,-8.5,-8.1,-7.9,-7.7
Benin,-4.7,-16.9,-20.9,-11.7,-3.7,-2.6,-2.7,-1.5,-4.5,-0.6,-0.7,-8,-2.4,-1.9,0.5,-5.6,-1.3,-5,-3.9,-4.2,-2.3,-2,-3.7,-6.2,-4.7,-3.4,-3.1,-6.5,-5.5,-6.7,-5.6,-4.8,-5.2,-5.4,-6.7,-6,-3,-4.2,-4.6,-4,-1.7,-4.5,-5.8,-5.5,-5.2,-4.7,-4.3,-4
Bhutan,11.8,3.6,-50.8,-52.1,-60.1,-48.1,-50.7,-37.4,-22.3,-27.9,-10.2,-10.5,-30.4,-16.5,-13.9,15.8,15.1,5.4,10.5,2.3,-9.4,-8.9,-16.8,-24.1,-18.7,-31,-4.7,8.4,-8.8,-6.4,-22.8,-30.5,-21.9,-25.6,-27.1,-27.9,-30.2,-23.6,-18.4,-20.5,-12.4,-11.8,-10.6,-9.7,-5.6,-1.4,-0.9,0.2
Bolivia,-0.2,-8.1,-3.4,-2.8,-2,-7.3,-7.6,-9.3,-2.9,0.7,-4,-4.8,-7.2,-7.3,-4,-5,-4.5,-7,-7.9,-5.9,-5.3,-3.4,-4.4,1,3.7,6.5,11.4,12,11.9,4.7,4.4,2.2,7.2,3.4,1.7,-5.8,-5.6,-5,-4.3,-3.3,-0.4,0.5,-1.5,-2,-2.6,-3.2,-3.6,-4
Bosnia and Herzegovina,,,,,,,,,,,,,,,,,,,-6.5,-8.7,-7.1,-12.8,-17.7,-19.2,-16.1,-16.9,-8,-9.5,-14.1,-6.4,-6,-9.5,-8.6,-5.3,-7.4,-5.1,-4.8,-4.8,-3.3,-2.8,-3.8,-2.4,-5,-3.9,-3.6,-3.6,-3.6,-3.5
Botswana,-12.9,-29.3,-13.2,-6.5,-4.9,7.3,7.2,26.5,6.3,14.3,-0.5,8,5,10.8,5.2,6.2,10,14.4,3.5,10.8,9.6,10.9,4.9,9.6,3.6,16.2,19.7,15.7,1.4,-6.4,-5.9,-0.9,-5.9,4.5,11.1,2.2,8,5.6,0.4,-7,-10.8,-0.5,0.5,2.8,3.4,3.4,3.4,3.3
Brazil,-8.8,-7,-9.1,-4.8,0,-0.1,-2.1,-0.5,1.3,0.2,-0.8,-0.4,1.6,-0.1,-0.3,-2.4,-2.8,-3.5,-3.9,-4.3,-3.8,-4.2,-1.6,0.6,1.7,1.6,1.2,0,-1.8,-1.6,-3.6,-2.9,-3.4,-3.2,-4.1,-3,-1.4,-1.1,-2.7,-3.5,-1.7,-1.7,-1.5,-1.6,-1.8,-1.9,-2,-2.1
Brunei Darussalam,,,,,,71.5,74,73.2,76.3,65.2,60.5,60.2,39.1,27,35.1,22,23.9,21.1,16.8,30.4,45.1,42,36.3,40,38.2,42.7,45.5,43.6,43.7,32.2,36.6,34.7,29.8,20.9,31.9,16.7,12.9,16.4,6.9,6.6,4.5,5.6,18.2,15,14.7,13.9,13.2,13
Bulgaria,2.9,0.3,0.5,0.1,1.3,-0.4,-3.2,-2.1,-0.7,-1.3,-6.7,-3.1,-3.5,-19.9,-0.3,-1.3,3.6,13.5,1.1,-2.9,-3.1,-3.6,-0.6,-3.4,-4.3,-9.4,-15.3,-23.9,-22.1,-8.3,-1.7,0.3,-0.8,1.3,1.2,0,3.1,3.3,0.9,1.9,-0.3,-2,-2.2,-2,-1.8,-2.8,-1.3,-0.1
Burkina Faso,-2,-2,-4.8,-3.4,-0.2,-3.6,-0.8,-1.9,-1.6,3.4,-2.2,-2.6,-0.6,-2,0.7,-3.4,-7.3,-8.1,-6.6,-10,-10.8,-9.1,-8.3,-7.8,-9.8,-10.3,-8.3,-7.4,-10.2,-4,-1.8,-1.3,-1.3,-10,-7.2,-7.6,-6.1,-5,-4.1,-3.3,-0.1,-3.1,-5.7,-5.3,-5.3,-5.1,-4.9,-4.9
Burundi,-8.8,-6.8,-12.2,-12,-11.7,-3.5,-2.9,-8.2,-6.4,-1,-6.1,-2.9,-5.5,-3,-1.8,1,-4.6,0.6,-4.9,-4.5,-7,-3.5,-12.5,-14.1,-6.5,-4.7,-21.3,-32.4,-9.8,-6.3,-12.2,-14.5,-18.6,-20.6,-15.6,-11.5,-11.1,-11.7,-11.4,-11.6,-10.2,-13.5,-18.6,-15.7,-15.2,-13,-12.3,-11.8
Cabo Verde,-45.3,-15.3,-8.5,-7.9,-4.8,-3.4,0.9,5.3,-2.1,-9,-5.3,-4.8,-5.2,-8.3,-10.2,-11.5,-6.3,-5.5,-10.1,-12.6,-9.9,-9.7,-10.2,-10.2,-13,-3.1,-4.8,-12.9,-13.7,-14.6,-12.4,-16.3,-12.6,-4.9,-9.1,-3.2,-3.8,-7.8,-5.2,-0.4,-15.9,-12.5,-11.5,-8.6,-6.7,-6.2,-5.9,-5.6
Cambodia,,,,,,,,,,,,,-1,-1.6,-3.4,-4.7,-7,1.3,-5.5,-4.8,-2.6,-1,-2.3,-3.6,-2.2,-3.8,-0.6,-1.7,-6.6,-9.9,-8.8,-8,-8.6,-8.5,-8.6,-8.7,-8.5,-7.9,-11.8,-15,-12.1,-26.7,-17.4,-9.5,-8.8,-9.1,-9.1,-9.2
Cameroon,-5,-4.8,-4,-4.2,-1.6,-5.2,-3.2,-5.5,-2.6,-2,-3.8,-2.1,-2.4,-3.3,-0.5,0.9,-2.6,-5.1,-1.3,-4.4,-2.1,-3.2,-3.6,-3.7,-2.2,-2.5,0.9,1.2,-1.6,-4,-3.1,-2.4,-3.2,-3.3,-3.9,-3.6,-3.1,-2.6,-3.5,-4.3,-3.7,-3.3,-1.6,-2.9,-3.5,-3.7,-3.6,-3.5
Canada,-2.2,-4.2,0.5,-0.8,-0.5,-1.7,-3.1,-3.2,-3.1,-4,-3.4,-3.7,-3.6,-3.8,-2.4,-0.8,0.4,-1.3,-1.3,0.2,2.6,2.2,1.7,1.2,2.3,1.9,1.4,0.8,0.1,-2.9,-3.6,-2.7,-3.5,-3.1,-2.3,-3.5,-3.1,-2.8,-2.4,-2,-1.8,0.1,1.1,-0.1,-0.6,-1.2,-1.6,-1.8
Central African Republic,-6,-0.6,-5.9,-4.2,-5,-5.5,-7.5,-5.8,-2.5,-2.5,-5.7,-4.1,-4.8,-0.5,-2.8,-8.3,-3.3,-2.5,-6.1,-1.7,-1.5,-1.9,-1.7,-2.1,-1.7,-6.2,-2.9,-6,-9.7,-8.7,-9.4,-6.8,-5.6,-2.9,-13.3,-9.1,-5.3,-7.8,-8,-4.9,-8.5,-10.6,-11,-8.4,-7.6,-6.6,-6.2,-5.4
Chad,1.7,2.7,2.2,4.5,1,-8.9,-4.9,-1.9,1.6,-3.4,-2.5,-3.6,-4.5,-7.1,-2.8,-10.4,-10.8,-11.1,-7.8,-9.7,-13.6,-29.8,-84.1,-43.8,-15.1,1,4.6,8.2,3.6,-8.2,-8.5,-5.8,-7.8,-9.1,-8.9,-13.8,-10.4,-7.1,-1.4,-4.4,-7.6,-4.5,1.3,-2.3,-4.6,-6,-6.4,-6.6
Chile,-6.6,-13.4,-8.7,-5.2,-10.1,-7.9,-6.2,-3.2,-0.9,-2.2,-1.4,-0.3,-2,-5,-2.7,-1.8,-3.8,-4.2,-4.7,0.1,-1.1,-1.6,-0.8,-0.2,3,1.7,4.5,4.3,-3.8,1.9,1.4,-2.7,-4.4,-4.9,-3.6,-2.8,-2.6,-2.8,-4.6,-5.2,-1.9,-6.7,-4.5,-3.4,-2.9,-2.7,-2.5,-2.5
"China, People's Republic of",,,,,,,,,,,,,,,,,,3.9,3.1,1.9,1.7,1.3,2.4,2.6,3.5,5.8,8.4,9.9,9.2,4.8,3.9,1.8,2.5,1.5,2.2,2.6,1.7,1.5,0.2,0.7,1.7,1.8,1.1,1,0.9,0.7,0.5,0.4
Colombia,0,-3.4,-5.3,-5.2,-3.9,-3.3,1.1,0,-0.4,-0.4,1,4.1,1.3,-2.9,-3.8,-4.2,-4,-4.5,-4.1,0.7,0.9,-1.1,-1.3,-1,-0.7,-1.3,-1.8,-3,-2.7,-1.9,-3,-2.9,-3.1,-3.2,-5.2,-6.4,-4.5,-3.2,-4.2,-4.6,-3.4,-5.7,-3.3,-3.4,-3.8,-3.9,-3.9,-3.9
Comoros,-3.7,-3.9,-5.5,-5.7,-28.9,-17.9,-12.1,-10.9,-7,-4.3,-5.9,-2.1,-9.8,-1.5,-7.2,-7.5,-6.2,-6.2,-6.9,-3.7,-0.1,1.8,0.4,-0.9,-2.4,-3.8,-3.2,-2.9,-6.1,-4.1,-0.3,-3.6,-3.2,-4,-3.8,-0.3,-4.4,-2.1,-2.9,-3.3,-1.6,-3.4,-8.3,-8.2,-6.2,-6.4,-6.8,-7.4
"Congo, Dem. Rep. of the",-0.4,-0.9,-0.8,-0.6,0.1,-0.3,-1.2,-3.2,-1.5,-2.2,-1.7,-2.3,-2.1,-0.8,-1.1,0.1,-0.1,-0.7,-2,-0.6,0.4,3.3,4.8,2,-0.5,-3.2,0.3,3.1,-0.8,-6.1,-10.1,-5,-4.3,-9.5,-4.8,-3.9,-4.1,-3.3,-3.5,-3.2,-2.2,-1,-0.3,-0.3,0.2,-0.2,-0.2,-0.1
"Congo, Republic of ",-7.7,-26,-21.4,-28.5,16.2,-12.2,-33.1,-10.1,-19,-3.4,-8.6,-15.2,-9.7,-18.4,-38.4,-25.4,-22.9,-6.1,-10.7,-8.7,17.5,-1.2,5.8,13.7,13.2,6.1,13.9,-24,7.5,-14.1,6.9,13.2,13.6,10.8,1,-39,-48.7,-6,-0.1,0.4,-0.1,15.4,26,14.7,10.8,5.6,4.4,2.3
Costa Rica,-13.7,-15.9,-9.2,-9,-4.2,-3.3,-1.7,-5,-3.5,-7.2,-7.8,-3.1,-4.8,-7.2,-4.9,-3.2,-2.4,-3.6,-3.6,-4.9,-4.6,-3.2,-5.2,-5.2,-3.6,-4.3,-4.1,-5.6,-8.4,-1.8,-3.2,-5.3,-5.1,-4.8,-4.7,-3.4,-2.1,-3.6,-3,-1.3,-1.1,-3.3,-3.5,-3.2,-3.1,-2.9,-2.7,-2.7
Croatia,,,,,,,,,,,,,2.6,4.8,3.9,-5.8,-4,-10.3,-5.8,-6.4,-1.4,-2.2,-6.3,-9,-5.9,-7.2,-7.7,-7.8,-10.4,-6.5,-2.1,-1.7,-1.8,-1,0.3,3.4,2.3,3.5,1.9,3,-0.1,2,-0.4,0.3,0.6,1,1.7,2
Cyprus,-11.2,-7.7,-7.7,-8.8,-9.1,-6.9,-0.6,-0.2,-2.3,-5.1,-2.6,-6.8,-8.6,1.5,0.9,-2.1,-4.7,-4.4,2.8,-1.6,-4.9,-3,-3.4,-2,-4.5,-5.3,-6.3,-10.7,-14.7,-6.7,-10.7,-2.3,-3.9,-1.5,-4.1,-0.4,-4.2,-5.1,-4,-5.7,-10.1,-7.6,-9.4,-8.3,-7.7,-7.2,-6.5,-5.6
Czech Republic,,,,,,,,,,,,,,,,-2.3,-6.1,-5.7,-1.9,-2.2,-4.4,-4.8,-5.1,-5.7,-3.7,-2.1,-2.5,-4.6,-1.9,-2.3,-3.6,-2.1,-1.5,-0.5,0.2,0.4,1.8,1.5,0.4,0.3,3.6,-0.8,-0.7,-1.2,-0.9,-0.6,-0.5,-0.5
Côte d'Ivoire,-13.2,-12.3,-9.8,-10,-0.8,0.7,-2.3,-6.9,-8.8,-7.2,-8.1,-7.4,-6.6,-5.8,-0.1,-3.2,-1,-1,-1.7,-0.7,-1.6,-0.4,4.5,1.4,1.1,0.2,1.9,-0.5,1.3,4.8,1.4,7.5,-0.9,-1,1,-0.4,-0.9,-2,-3.9,-2.3,-3.2,-3.7,-4.8,-4.4,-4.2,-4,-3.8,-3.6
Denmark,-3.4,-3,-3.7,-2.3,-2.9,-4.4,-5.1,-2.7,-1.2,-1,1,1.4,2.7,3.4,2,1,1.6,1.3,-0.1,2.5,2,3.6,3,3.9,4,4.2,3.3,1.5,2.9,3.5,6.6,6.6,6.3,7.8,8.9,8.2,7.8,8,7.3,8.8,8.1,8.4,7.3,7.1,6.8,6.7,6.6,6.6
Djibouti,,,,,,,,,,,47.9,17.1,-0.3,26.5,36.4,37.1,35.8,35.9,33.6,35.1,19.6,43.3,51.5,48,30.4,30.5,4.8,-25.8,-33.4,18.7,49.5,-1.8,-23.4,-30.8,23.9,29.2,-1,-4.8,14.2,17,10.7,-1,-4.7,-3.2,-1.6,0,0.8,1.5
Dominica,,,,,,,,,,,,,,,,,,,,,,,,,,,,,,,,,,,-5.4,-4.7,-7.7,-8.6,-42.4,-37.9,-30,-31.4,-32.1,-26,-20,-18,-16,-13
Dominican Republic,-8.3,-4,-4.8,-4.4,-1.1,-1.7,-2.3,-4.4,-0.2,-3.8,-3.5,-1.6,-6.1,-4.1,-1.9,-1.1,-1.2,-0.8,-1.6,-1.9,-4.2,-2.9,-2.9,4.8,4.6,-1.3,-3.4,-4.9,-9.4,-4.8,-7.5,-7.5,-6.5,-4.1,-3.2,-1.8,-1.1,-0.2,-1.5,-1.3,-2,-2.5,-3.5,-2.5,-2.5,-2.3,-2.4,-2.2
Ecuador,-3.8,-5.8,-6.9,-0.8,-1.7,0.4,-4.2,-9.2,-5.5,-5.9,-2.9,-5.2,-0.8,-4.8,-4.2,-4.4,-0.2,-1.7,-7.6,4.7,6.1,-2.3,-4.3,-1.2,-1.3,1.1,3.7,3.7,2.9,0.5,-2.3,-0.5,-0.2,-1,-0.7,-2.2,1.1,-0.2,-1.2,-0.1,2.6,2.5,2.9,2.5,2.2,1.9,2,2.1
Egypt,-0.8,-4.3,-6.8,-4,-8.1,-4.6,-2.8,-1.3,-2.1,-2.2,-2.7,3.4,8.3,4.4,0.4,0.6,-0.3,0.1,-2.8,-1.8,-1.1,0,0.7,2.3,4.1,3.1,1.6,1.7,0.5,-2.2,-1.9,-2.5,-3.6,-2.2,-0.9,-3.7,-6,-6.1,-2.4,-3.6,-3.1,-4.6,-4.3,-4.6,-3.7,-3,-2.6,-2.6
El Salvador,5.2,-3.5,-1.5,1.9,-1.7,-1.2,5,5.7,0.9,-6.1,-3.1,-3.2,-1.9,-1.2,-0.2,-2.9,-1.8,-1,-0.8,-2.1,-3.7,-1.2,-3.2,-5.3,-4.7,-4.2,-4.8,-7.2,-8.5,-1.8,-2.9,-5.5,-5.8,-6.9,-5.4,-3.2,-2.3,-1.9,-3.3,-0.6,0.5,-4.3,-6.7,-5.5,-5.4,-5.4,-5.2,-5.1
Equatorial Guinea,,,,,,,,-21.8,-13.8,-20,-14.3,-30.9,-6.6,1.8,-0.3,-73.2,-124.6,-27.3,-90.3,-29.5,-30.4,-48.8,-53.9,-5,7.6,16.8,19.2,16.7,7.8,-9.7,-20.2,-5.7,-1.1,-2.4,-4.3,-17.7,-26,-7.8,-2.1,-0.9,-4.2,-3.4,-1.6,-2,-5.5,-4.3,-5,-5.2
Eritrea,,,,,,,,,,,,,,30.9,37,-4.7,-10.3,6.8,-26.6,-33.3,-21.1,-24.8,-0.1,-2.3,-0.9,0.4,-4.6,-7.9,-7.6,-11.3,-11.4,12.8,12.4,2.3,17.3,20.8,15.3,24,15.4,13,11.4,13.5,13.5,13.3,12.4,11.4,11.4,11.4
Estonia,,,,,,,,,,,,,,1.2,-6.6,-4,-8.3,-10.9,-8.5,-4.3,-5.4,-7.1,-11.1,-12.9,-11.9,-8.7,-14.9,-14.9,-8.7,2.6,1.8,1.3,-1.9,0.3,0.7,1.8,1.2,2.3,0.8,2.5,-0.3,-1.1,1.6,1.8,1.2,0.7,0.1,-0.4
Eswatini,-17.2,-10.2,-15.9,-14.6,-12.3,-7.7,1.7,7.9,9.6,7.7,4.1,3.7,-2.8,-4.3,0.1,-1.5,-2.8,-0.1,-5.2,-1.9,-2.6,0.6,2.3,4.1,2.6,-3.2,-6,-1.9,-7,-11.6,-8.7,-5.8,5,10.8,11.6,13,7.9,6.2,1.3,4.3,6.7,0.5,-2.1,-0.2,0.6,1,0.7,0.3
Ethiopia,-3.1,-2.6,-3.7,-2.1,-2.7,1,-1.9,-0.9,-2.6,-1.4,-1.1,-2.1,0,0.1,-1.1,2.5,0.3,-0.3,-0.5,-7,-2.5,-1.4,-4,-1.2,-3.8,-7.4,-11.7,-6.2,-5.6,-8.2,-4.5,-0.7,-6.6,-5.9,-7.9,-11.5,-10.9,-8.5,-6.5,-5.3,-4.6,-3.2,-4.5,-4.4,-4,-3.7,-3.5,-3.7
Fiji,-3.2,-13.5,-9.2,-8.7,-5.3,-5.4,-2.5,1.5,5.5,-1.3,-9.2,-4.9,-2.4,-5.1,-1.8,-1.5,0.8,-2.6,-0.4,-2.4,-5.1,-6.2,-1,-5.6,-12.5,-8.6,-14.9,-10.1,-14,-3.8,-4.1,-4.8,-1.3,-9.4,-5.8,-4.5,-3.6,-6.7,-8.3,-12.5,-12.6,-16.9,-13,-10.6,-8.7,-8.8,-8.2,-8.2
Finland,-2.6,-0.9,-1.7,-2.2,0,-1.4,-0.9,-1.9,-2.5,-4.9,-5.1,-5.4,-4.7,-1.5,0.8,3.8,3.5,4.8,4.7,4.8,7.2,7.7,7.8,4.3,5.6,2.9,3.9,4,2.5,2,1.5,-1.4,-2.1,-1.8,-1.3,-0.9,-2,-0.8,-1.8,-0.3,0.8,0.9,0.4,0,-0.1,-0.4,-0.4,-0.4
France,-0.6,-0.8,-2.1,-0.8,-0.1,-0.1,0.3,-0.5,-0.5,-0.5,-0.8,-0.5,0.3,0.7,0.6,0.5,1.2,3.7,3.7,4.4,1.1,1.6,1.1,0.8,0.5,0.1,0.3,-0.1,-0.7,-0.6,-0.6,-0.9,-1,-0.5,-1,-0.4,-0.5,-0.8,-0.8,-0.3,-1.9,-0.9,-1.8,-1.7,-1.4,-1,-1,-0.8
Gabon,27.3,15.6,13.3,12.2,17.9,10,-19.4,-7.2,-14.8,-4,2.4,1.6,-3.8,-1,7.5,8.8,14.7,9.4,-13,7.9,18.5,10.3,6.3,11.8,11.9,20.9,17.7,13.7,21.6,4.4,14.9,24,17.9,7.3,7.6,-5.6,-11.1,-8.7,-2.1,-0.9,-6,-6.9,1.7,-0.1,-1.6,-2.5,-2.6,-1.8
"Gambia, The",-19.4,-6,-1.2,-0.6,-3.4,-1.3,-0.4,-0.8,1.6,0.8,-1.1,-0.1,0,-1.9,-1.1,-1.7,-5.5,-0.5,-1,-1.2,-3.4,-3.3,-3.7,-4.6,-2.7,-6.3,-4.3,-5.2,-7.6,-7.8,-10,-7.4,-4.5,-6.7,-7.3,-9.9,-9.2,-7.4,-9.5,-6.1,-3.2,-9.5,-14.9,-11.8,-9.7,-10.3,-9.5,-9.4
Georgia,,,,,,,,,,,,,,,,-17.7,-12.2,-12.7,-12.4,-9.7,-5.6,-6,-6.2,-9.3,-6.8,-10.6,-14.9,-19,-21.4,-10.3,-9.8,-12.2,-11.4,-5.6,-10.1,-11.8,-12.5,-8,-6.8,-5.5,-12.4,-9.8,-11.4,-7.5,-6.3,-5.8,-5.7,-5.6
Germany,-1.8,-0.7,0.9,0.7,1.4,2.7,4,3.7,4.3,4.7,3.1,-1.4,-1.2,-1,-1.5,-1.2,-0.7,-0.5,-0.7,-1.4,-1.8,-0.4,1.9,1.4,4.5,4.7,5.8,6.9,5.7,5.8,5.7,6.2,7.1,6.6,7.2,8.6,8.5,7.8,7.9,7.6,7.1,7.4,5.9,6.9,7.2,7.1,7,6.9
Ghana,-0.1,-0.8,-0.3,-0.5,-1.2,-1.7,-1.3,-1.7,-1.4,-1.6,-2,-2.3,-3.2,-5.3,-3.3,-2.2,-2,-6.3,-3.5,-5.3,-4.2,-3.1,-0.5,0.1,-3.4,-5,-5.8,-6.3,-8.8,-4,-6.4,-6.6,-8.6,-9,-6.8,-5.7,-5.1,-3.3,-3,-2.7,-3.1,-3,-3.6,-3.5,-3.9,-3.8,-4,-3.4
Greece,-3.9,-4.6,-3.5,-3.8,-4.4,-6.9,-3,-1.9,-1.3,-3.3,-3.6,-1.5,-1.9,-0.7,-0.1,-2.4,-3.5,-3.8,-2.6,-3.6,-6,-6.9,-6.3,-6.3,-5.6,-7.4,-11,-14,-14.6,-11,-10,-10.1,-2.5,-2.6,-2.4,-1.5,-2.4,-2.6,-3.6,-2.2,-7.3,-6.4,-6.3,-6.1,-5.5,-4.6,-3.7,-2.7
Grenada,,,,,,,,,,,,,,,,,,,,,,,,,,,,,,,,,,,-11.6,-12.5,-11,-14.4,-16.1,-14.6,-21,-24.5,-27.9,-20.6,-15.4,-13.6,-12.9,-12.4
Guatemala,-2.1,-6.8,-4.7,-2.5,-4.1,-2.2,-0.3,-6.5,-5.6,-4.3,-2.8,-2,-7,-6.4,-5,-4.1,-3,-3.7,-5.6,-5.9,-5.8,-6.1,-5.8,-4.4,-4.7,-4.4,-4.9,-5.1,-3.9,0.2,-1.8,-3.3,-3.7,-4.2,-3.3,-1.2,1,1.1,0.9,2.3,5.5,2.7,0,0.3,0.4,0.5,0.5,0.5
Guinea,2.2,-3.1,-3.7,-0.1,-0.3,-1.6,-4.6,-1.3,-6.7,-5.3,-7.2,-5.2,-5.2,-4.3,-5.1,-5.3,-6.2,-4.6,-6.4,-5.3,-3,0.3,0,0,-1.8,-0.8,-3.1,-7.3,-6.6,-5.6,-6.4,-18.4,-19.9,-12.5,-14.4,-12.5,-30.7,-6.7,-19.2,-11.5,-13.7,-4,-9.6,-8.5,-10,-7.6,-7.1,-6.8
Guinea-Bissau,-21.1,-10.4,-18.9,-15.2,-19.8,-15.6,-10.5,-11.2,-14.9,-17.8,-8.3,-9.8,-11.5,-9.5,-12.7,-4.5,-6,-4.7,-3.6,-2.2,2.7,-3.9,-3.3,-2.5,-1.6,-1.6,-6.2,-4.1,-3,-5.4,-7.5,-1.2,-7.9,-4.3,0.5,1.8,1.4,0.3,-3.6,-8.8,-2.6,-3.1,-5.6,-4.8,-4.3,-3.9,-3.8,-3.6
Guyana,-18.2,-29.5,-26.1,-25.7,-17.8,-21.5,-20.4,-17.4,-12.1,-14.4,-23.5,-18.5,-14,-9.7,-5,-4.3,-2.1,-5.1,-6.1,-1.4,-4.7,-4.7,-3.2,-2.9,-1.2,-5.7,-8.6,-5.9,-9.3,-5.6,-6.5,-9.4,-7.4,-9.9,-6.7,-3.4,1.5,-4.9,-29,-54.1,-14.5,-30,45.4,36.3,28.1,24.8,23.7,24.5
Haiti,-3.1,-3.6,-2.5,-2.2,-1.9,-1.4,-0.8,-1.1,-1.3,0,-2.9,-6.8,-8.2,-5.6,-0.5,-0.8,-0.8,-0.2,0.2,-0.6,-0.6,-1.2,-0.5,-0.9,-0.9,0.4,-0.9,-0.9,-2,-1.1,-0.9,-2.5,-3.3,-3.8,-7.3,-5.1,-1.8,-2.2,-2.9,-1.1,1.1,0.5,0.8,-0.6,-0.6,-0.7,-0.6,-0.8
Honduras,-9,-7.9,-5.6,-5.2,-6,-3.7,-1.9,-4.3,-2.1,-3.1,-1.9,-3.6,-4.7,-6.5,-6.6,-3.3,-3.7,-3,-2,-3.8,-7.1,-6.3,-3.6,-6.7,-7.6,-3,-3.7,-9,-15.3,-3.8,-5.1,-8,-8.5,-9.5,-6.9,-4.7,-3.1,-1.2,-6.6,-2.7,2.8,-4.9,-4.4,-4.8,-4.5,-4.5,-4.3,-4.2
Hong Kong SAR,-5,-2.5,-0.5,0.6,6.8,7.3,6.5,7.7,6.4,9.2,6.2,4.3,3,4.7,-0.8,-6.3,-2.5,-4.4,1.5,6.4,4.4,6.1,7.9,10.8,10,11.9,12.7,13,15.1,9.9,7,5.6,1.6,1.5,1.4,3.3,4,4.6,3.7,5.9,7,11.2,10.9,9.4,9,8.4,7.7,7.4
Hungary,-4.8,-5.8,-2.2,-0.8,0.2,-2.1,-5.5,-2.5,-1.9,-1.9,0.8,-3.6,-2,-12.2,-11.8,-3.5,-3.8,-4.1,-7.1,-7.9,-8.5,-5.8,-6.3,-8,-8.5,-7.2,-7.5,-7.4,-7.3,-0.8,0.2,0.5,1.6,3.5,1.2,2.3,4.5,2,0.2,-0.7,-1.6,-0.9,-1.3,0.1,0.5,0.5,0.6,0.5
Iceland,-2,-4.1,-7.9,-1.9,-4.5,-3.8,0.5,-3.3,-3.4,-1.3,-2,-3.9,-2.3,0.7,1.9,0.2,-2.5,-2.4,-7.2,-7.1,-10.2,-4.3,1.2,-4.9,-10,-15.7,-22.7,-13.6,-20.8,-8.9,-6.1,-4.7,-3.6,6.3,4.4,5.6,8.1,4.2,3.5,5.8,0.8,-2.8,0.6,1,1.5,1.2,0.9,0.9
India,-1.5,-1.6,-1.7,-1.4,-1.1,-2,-1.8,-1.7,-2.4,-2,-2.9,-0.4,-1.7,-0.4,-1,-1.6,-1.1,-1.3,-0.9,-1,-0.6,0.7,1.2,2.3,-0.3,-1.2,-1,-1.3,-2.3,-2.8,-2.8,-4.3,-4.8,-1.7,-1.3,-1,-0.6,-1.8,-2.1,-0.9,0.9,-1.6,-2.9,-2.5,-2.4,-2.4,-2.3,-2.3
Indonesia,2.9,-0.5,-4.7,-6.5,-2.1,-2,-4.2,-2.5,-2,-1.4,-2.3,-2.8,-1.8,-1.2,-1.4,-2.8,-2.7,-1.5,3.5,3.4,4.5,4,3.7,3.2,1.9,0.5,2.4,1.4,0,1.8,0.7,0.2,-2.7,-3.2,-3.1,-2,-1.8,-1.6,-2.9,-2.7,-0.4,0.3,4.5,0.5,-1.1,-1.2,-1.4,-1.5
Iran,-3.7,-4.3,3.9,-0.3,-0.6,-0.5,-2.7,-1,-0.7,-0.8,-0.5,-3.7,-14.5,-6.5,6.3,2.9,3.3,1.2,-1,2.4,3.5,1.7,4.4,2,1.3,5,7.7,8.7,4.7,1.8,4.1,9.6,5.2,5.4,2.6,0.3,2.9,3.1,5.2,0.6,-0.1,2,3.5,2,1.2,0.7,0.5,0.5
Iraq,,,,,,,,,,,,,,,,,,,,,,2.2,-2,-10.7,-24,8.7,3.2,-3.4,12.7,-11.5,1.6,10.9,5.1,1.1,2.6,-6.4,-7.5,-4.7,4.3,0.5,-10.8,5.9,15.8,10.1,6.5,3.8,2.4,1.7
Ireland,-10.6,-12.6,-8.8,-5.6,-5.2,-3.3,-2.9,-0.3,0.3,-1.3,-0.8,0.7,1,3.6,2.7,2.5,2.7,2.3,0.4,-0.1,0.6,0.2,0.2,0.5,-0.1,-3.5,-5.4,-6.5,-6.3,-4.7,-1.2,-1.6,-3.4,1.6,1.1,4.4,-4.2,0.5,4.9,-19.9,-2.7,13.9,10.2,8.4,7.3,7.1,7,7
Israel,-3.7,-5.4,-8.3,-7.8,-5.5,3.7,3.9,-3.6,-1.7,0.4,0.3,-1.9,-1.2,-3.3,-4,-4.9,-4.9,-3.2,-1,-1.3,-1.5,-1.5,-0.9,0.6,1.5,3.1,4.1,3.1,1,3.2,3.2,1.5,0.4,2.8,4.1,5.2,3.6,3.6,2.8,3.4,5.4,4.6,3.2,3.1,2.9,2.7,2.4,2.2
Italy,-3.5,-3.5,-2.4,0.3,-0.9,-1.2,0.4,-0.4,-0.9,-1.6,-1.9,-2.4,-2.6,1.1,1.2,2.1,2.9,2.6,1.7,0.8,-0.3,0.2,-0.5,-0.8,-0.5,-0.9,-1.5,-1.4,-2.8,-1.9,-3.3,-2.8,-0.2,1.1,1.9,1.4,2.6,2.6,2.5,3.2,3.7,3.3,1.8,2.4,2.7,2.8,2.9,3
Jamaica,-4.6,-15.4,-16.7,-10.4,-11.6,-12.7,-3.5,-5.3,-1.9,-8.8,-7.2,-4,-1.8,-1.6,-0.4,-1.4,-1.4,-3.7,-3,-3.3,-4,-7,-10.6,-7.4,-6.3,-9.5,-9.9,-15.8,-20.3,-9.3,-7.1,-13.6,-9.8,-9.5,-8,-3,-0.3,-2.7,-1.6,-2.3,-0.3,0.7,-5.2,-2.1,-3.8,-4.8,-4.8,-4.3
Japan,-1,0.4,0.6,1.6,2.6,3.5,4,3.3,2.5,2,1.4,1.9,2.8,2.9,2.6,2,1.4,2.1,2.8,2.5,2.6,2,2.6,3.1,3.7,3.5,3.8,4.6,2.8,2.7,3.8,2.1,1,0.9,0.8,3.1,4,4.1,3.5,3.4,3,2.9,2.4,2.7,3,3.2,3.2,3.2
Jordan,9.3,-0.9,-6.9,-7.7,-5.2,-5.1,-0.6,-5.1,-4.5,8.8,-5.3,-8.8,-15.1,-11,-6.2,-3.8,-3.1,0.4,0.2,4.8,0.3,-0.3,5.1,11.4,0.3,-17.5,-11.1,-16.3,-9.1,-5.1,-6.9,-10,-14.9,-10.2,-7.1,-9,-9.7,-10.6,-6.9,-2.1,-8.1,-10.1,-5.9,-4.6,-4.2,-3.8,-3,-3.1
Kazakhstan,,,,,,,,,,,,,-51.7,-8.6,-7.7,-1.3,-3.6,-3.6,-5.5,-1,2,-6.3,-4.2,-0.9,0.8,-1.8,-2.5,-8,4.7,-3.6,0.9,5.3,1.1,0.8,2.8,-3.3,-5.9,-3.1,-0.1,-4,-3.8,-3,3,0.3,-0.9,-1.4,-1.9,-2.1
Kenya,-4.3,-2.9,-1.6,-0.3,-0.7,-0.6,-0.2,-2.2,-2,-2.5,-2.9,-1.2,-1.6,5.6,3.8,-1.2,0.2,0.2,0.9,3.8,-0.8,-1.2,-0.4,0.4,-0.4,-0.8,-1.2,-2.1,-4.1,-3.9,-5.2,-8.2,-7.5,-7.8,-9.3,-6.3,-5.4,-7,-5.5,-5.3,-4.7,-5.4,-5.8,-5.3,-5.2,-5.1,-5,-5
Kiribati,27.2,20.6,11.5,10.3,23.1,17.7,33.9,17.5,1.6,5.9,-14.6,18.3,-18,-1.7,0.8,-10.7,-24.8,6.2,24.3,2.6,-3.7,-9.8,-11.8,-9.3,-7.3,-25.4,-8.8,-1.9,-3.6,-12.3,0.1,-9.6,1.9,-5.5,31.5,33,10.8,37.4,38.8,48.8,39.1,16.9,7.1,9.9,9.7,10,10,10
"Korea, Republic of",-10.5,-8.9,-7.2,-4.1,-1.9,-2.2,2.2,5.8,6.4,1.5,-1,-2.4,-0.8,0.4,-1,-1.8,-4,-1.9,10.5,4.4,1.8,0.4,0.6,1.6,3.7,1.3,0.2,0.9,0.2,3.5,2.4,1.3,3.8,5.6,5.6,7.2,6.5,4.6,4.5,3.6,4.6,4.9,2.2,3.2,3.8,4.2,4.2,4.1
Kosovo,,,,,,,,,,,,,,,,,,,,,-3.7,-7.4,-7.8,-8.7,-7,-8,-7.1,-6,-13,-10.4,-12.8,-13.4,-6.1,-3.5,-7.2,-8.8,-8,-5.5,-7.6,-5.7,-7,-9.1,-8.9,-7,-6.3,-5.9,-5.7,-5.7
Kuwait,53.3,54.6,22.6,27.8,32.6,23,32.6,21.1,26.4,40.3,20.3,-242.2,-2.3,10.4,13,18.4,22.6,25.9,8.5,16.8,38.9,23.9,11.2,19.7,26.2,37.2,44.6,36.8,40.9,26.7,31.8,42.9,45.5,40.3,33.4,3.5,-4.6,8,14.4,12.5,3.2,16.1,31.3,27.2,23.2,20.6,19.4,19
Kyrgyz Republic,,,,,,,,,,,,,-5.7,-13,-7.6,-15.7,-23.3,-7.8,-22.3,-14.8,-4.3,-1.5,2.8,10.1,6.1,3.8,-2.5,-5.1,-13.8,-4.3,-6.6,-7.7,-15.5,-13.9,-17,-15.9,-11.6,-6.2,-12.1,-12.1,4.5,-5.2,-12.2,-9.3,-8.3,-7.5,-6.6,-6
Lao P.D.R.,-2.2,-4.9,-4.5,-3.5,-2,-1.6,-2.5,-4.5,-6.7,-7.9,-4.5,-1.2,-1.7,-1.6,-3.5,-3.5,-6.3,-5.7,-5.7,-6.8,1.5,-12.3,-9.3,-11.6,-13.9,-15.7,-9.3,-10.4,-15.6,-17.8,-16.5,-15.3,-21.3,-26.5,-23.3,-22.3,-11,-11.1,-13,-9.1,-4.5,-5,-6,-6.9,-8.5,-8.1,-7.2,-7.1
Latvia,,,,,,,,,,,,,11.3,15.3,4.4,-0.3,-4.7,-5.3,-9.1,-7.2,-4.7,-7.5,-6.5,-7.8,-12.2,-11.8,-20.8,-20.7,-12.3,7.7,1.7,-3.4,-3.7,-2.8,-1.6,-0.6,1.6,1.3,-0.2,-0.7,2.9,-2.9,-1.6,-1.7,-1.3,-1.2,-0.7,-0.2
Lebanon,-3.5,-19.4,37.8,-32.6,-27.1,-13.8,-7.6,-6.1,-21.7,-22.5,-39.2,-57.5,-50.5,-6.2,-6.2,-9.8,-10.3,-32.4,-29.9,-19.4,-17.6,-19.7,-16.9,-18.6,-18,-11.3,-8.8,-9.7,-17.2,-22.4,-20.7,-16.4,-25.9,-28,-28.8,-19.8,-23.4,-26.2,-28.4,-28,-14.2,,,,,,,
Lesotho,-8.9,-11.8,36,42,47.9,50.8,48.5,50,16.7,16.9,29.6,-33.8,-20.4,-9.7,-7.8,-20.2,-27.7,-32.4,-20.7,-28,-5.1,5.6,7.3,2.5,11.3,10.3,20.1,20.4,19,1.7,-9.5,-14.5,-9,-5.3,-5.2,-4,-6.7,-2.6,-1.4,-2.1,-2,-9.3,-15.6,-8.9,-10,-9.4,-7.6,-4.4
Liberia,,,,,,,,,,,,,,,,,,,,,-12.2,-9.7,-2.8,-14,-6.2,2.2,-7.4,-1.6,-30.2,-13.2,1.1,-2.5,-20.7,-8.8,-34.7,-28.1,-22.9,-22.3,-21.3,-19.6,-16.3,-17.8,-16.1,-15.9,-14.3,-13.6,-13.3,-14
Libya,21.1,-11.8,-4.7,-5.1,-4.9,6.5,-0.7,-4.7,-7.3,-3.9,7,1.3,5.2,-2.7,0.5,2.9,-0.3,-0.4,-2,2.5,13.5,6.5,-7.3,-8.1,21.3,36.8,51.1,44.1,50.2,18.5,21.1,9.9,29.9,0,-78.3,-53.5,-25.4,14.7,26.8,11.9,-20.7,21.6,27.9,19.1,13.5,10.3,8.1,5.4
Lithuania,,,,,,,,,,,,,,,,-9.2,-8.6,-9.7,-11.5,-10.9,-5.9,-4.7,-5.1,-6.8,-7.6,-7.3,-10.9,-15.5,-13.6,1.4,-1.3,-4.5,-1.4,0.8,3.2,-2.8,-0.8,0.6,0.3,3.5,7.3,2.7,-0.7,-2.1,-1.8,-1.4,-1.2,-0.9
Luxembourg,,,,,,,,,,,,,,,,12,11.6,10,8.6,10.8,12.7,8.3,7.6,7.1,7.1,6.9,6.6,6.5,6.1,5.8,5.8,5.6,5.3,5.1,4.9,4.8,4.8,4.7,4.7,4.6,4.3,2.8,2,2.7,3.4,3.9,3.8,3.9
Macao SAR,,,,,,,,,,,,,,,,,,,,,,,31.5,30.6,33,23.7,14.9,21.7,15.6,27.5,38.9,40.4,38.8,39.3,32.7,23.3,26.5,30.8,33,33.8,15.2,13.8,3.5,14.9,22.4,26.3,27.1,26.2
Madagascar,-10.7,-7.6,-6.3,-5.3,-4.9,-4.8,-3.3,-4.4,-4.7,-2.6,-6.7,-7.1,-5.3,-6.4,-7.9,-7.2,-3.1,-4.7,-6.6,-5.2,-5.6,-2.6,-8.9,-5.1,-7.9,-12.5,-9.2,-9.9,-15.6,-18.2,-8.9,-6.7,-7.5,-6.5,-0.3,-1.6,0.5,-0.4,0.7,-2.3,-5.4,-5.5,-6.5,-6.2,-5.8,-4.5,-3.5,-3.6
Malawi,-8.6,-4.8,-3.9,-4.4,-1.4,-4.6,-2.9,-2.1,-2.7,-1.4,-2,-4.2,-6.5,-3.3,-6.2,-2.3,-2.6,-4.2,-0.1,-3.6,-1.7,-1.4,-9.6,-7.3,-7.4,-9.4,-12.4,-5.8,-10.7,-7.2,-6.1,-6.1,-6.5,-5.9,-5.8,-12.2,-13.1,-17.8,-12,-12.6,-13.8,-14.5,-17.3,-15.4,-12.4,-10.6,-9.2,-8.3
Malaysia,-1,-9,-12.2,-10.6,-4.5,-1.8,-0.3,7.5,4.9,0.8,-1.8,-7.8,-3.4,-4.1,-5.6,-8.9,-4.1,-5.5,12.1,14.6,8.3,7.2,6.5,11.1,11.1,13.8,15.4,14.7,16.3,14.8,9.9,10.7,5.1,3.4,4.3,3,2.4,2.8,2.2,3.5,4.2,3.5,3.9,3.9,3.8,3.7,3.7,3.6
Maldives,-16.1,-6.2,-4.6,-11.1,-3.4,4.3,6.9,13.2,12.2,11,12.4,2.4,-6.4,-15.5,-2.9,-3.9,-1.4,-5.3,-3.2,-10.4,-6.4,-7.7,-4.3,-3,-10,-23.5,-19.2,-14.2,-26.9,-9.6,-7.3,-14.8,-6.6,-4.3,-3.7,-7.5,-23.6,-21.6,-28.4,-26.6,-35.5,-15.6,-24.2,-17.7,-14.3,-12.9,-10.5,-8.3
Mali,-6.1,-8.4,-7.8,-7.2,-8.4,-14.7,-12.8,-9.3,-10.4,0.8,-0.9,1.3,-0.2,0.5,-3.5,-3.1,-7.1,-5.6,-5.4,-6.3,-8.7,-8.9,-2,-5.9,-6.9,-7.1,-3.3,-5.6,-13.6,-10.9,-10.7,-5.1,-2.2,-2.9,-4.7,-5.3,-7.2,-7.3,-4.9,-7.5,-2.3,-4.5,-5.3,-4.9,-4.8,-5.1,-5,-4.8
Malta,,,,,,,,,,,,,,,,-4.9,-5.3,-2.7,-2.7,-1.5,-5.1,-1.6,1,-1.2,-5.4,-8.1,-9.3,-3.8,-1,-6.5,-4.5,-0.2,1.7,2.6,8.5,2.7,-0.6,5.9,6.4,5.4,-3.1,-5.1,-1.7,-1.4,-0.8,-0.1,0.7,1.8
Marshall Islands,,,,,,,,,,,,,,,,,,-11.2,-9.9,-11,-12.2,-3.8,7,0.5,4.6,7.2,-1.3,3.3,-2.3,-12.3,-16.7,0,-2.2,-6.7,2,15.6,13.5,5,4,-25.9,16.2,3.4,-4.1,-2.7,-2.4,-3,-3.4,-3.9
Mauritania,,,,,,,,,,,-7.3,-4.1,-3.4,-5.1,-1.2,0.3,-0.2,-1.5,-0.9,-1.5,-5.5,-7.5,2,-8.5,-21.9,-29.9,3.7,-9.4,-9.3,-10.4,-6.3,-3.8,-18.8,-17.2,-22.2,-15.5,-11,-10,-13.3,-10.5,-7.1,-2.2,-14,-13.4,-8.7,-3.8,-1.1,-0.6
Mauritius,-9.6,-12.6,-3.7,-1.6,-4.7,-2.7,6.3,3.4,-2.6,-4.6,-4.4,-0.6,0,-2.7,-6.1,-0.5,0.8,-2.1,0.1,-2.7,-0.7,5.7,4.9,1.6,-1.7,-4.8,-8.7,-5.2,-9.7,-7.2,-10.1,-13.4,-7.1,-6.2,-5.4,-3.6,-4,-4.6,-3.9,-5.4,-12.5,-11.1,-14,-8,-4.7,-4.5,-4.4,-4.8
Mexico,-5.4,-6.2,-0.8,7.8,5.5,2.3,0.4,4.9,-1.2,-3.1,-3.6,-6.2,-9,-6.8,-8.1,-0.4,-0.6,-1.5,-3,-2.3,-2.6,-2.3,-1.7,-0.7,-0.6,-0.7,-0.3,-0.9,-1.5,-0.9,-0.4,-1,-1.5,-2.5,-1.9,-2.6,-2.2,-1.7,-2,-0.3,2.4,-0.4,-0.6,-0.7,-0.8,-0.9,-1,-1.1
"Micronesia, Fed. States of",,,,,,,,,,,,,,,,-9.2,-19.3,-31.1,-25.2,-21,-14.6,-17.4,-10,-6,-18.4,-10.1,-15.4,-10.7,-18.9,-21.1,-17.5,-19.3,-13.6,-9.9,6.1,4.5,7.2,10.3,21,16.6,2.5,0.7,-0.7,-2.5,-4.7,-4.6,-4.9,-5.5
Moldova,,,,,,,,,,,,,-4.5,-16.3,-8.4,-5.9,-11.3,-14.3,-19.7,-5.8,-7.5,-1.8,-1.2,-6.6,-1.8,-7.6,-11.3,-15.2,-16.1,-8.9,-6.9,-10.1,-7.4,-5.2,-6,-6,-3.6,-5.7,-10.6,-9.3,-7.7,-10.5,-13,-12,-10.7,-9.7,-8.9,-8.5
Mongolia,-12.7,-28.3,-28.6,-26.9,-26.1,-24.7,-29.2,-24.2,-25.2,-28.7,-24,-3.4,-2.4,4,4.1,1.8,-2.7,6.3,-6.7,-5.7,-6.1,-4.9,-7.5,-6.2,3.2,3.5,10.9,4.1,-12.3,-7.5,-12.3,-43.3,-43.8,-37.6,-15.8,-8.2,-6.3,-10.1,-16.7,-15.2,-5.1,-13,0.2,-1.5,-5.9,-3.2,-3.7,-5
Montenegro,,,,,,,,,,,,,,,,,,,,,,-13.6,-11.5,-6.9,-7.2,-16.6,-31.7,-40.1,-49.5,-27.7,-20.3,-14.8,-15.3,-11.4,-12.4,-11,-16.2,-16.1,-17,-14.3,-26,-9.2,-13.8,-13,-12.9,-12.7,-12.6,-12.5
Morocco,-4,-6.4,-5.4,-6.1,-5.9,-8.4,-6.2,-7,0.4,-3.8,-2.4,-2.5,-2.6,-2.7,-3.4,-4.8,-1.5,-2,-2.2,-2.4,-3.7,2,1,0.5,-0.6,0.6,-0.4,-0.1,-5,-5.3,-4.4,-7.9,-9.5,-7.4,-6,-2.1,-4.1,-3.4,-5.3,-3.7,-1.5,-2.9,-6,-4,-4.5,-3.8,-3.4,-3.1
Mozambique,-8,-11.4,-13.6,-12.7,-9,-6.7,-7.7,-16.2,-17,-20.9,-14.7,-15.2,-19,-22.3,-23.2,-16,-14.5,-9.4,-14.7,-14.3,-12.3,-12,-15.3,-13,-6.3,-8.9,-8.2,-7.5,-9.1,-10.3,-15.1,-23.1,-41.5,-40.5,-36.3,-37.4,-32.2,-19.6,-30.3,-19.1,-27.6,-22.4,-44.9,-39,-37.7,-37,-25.3,-9
Myanmar,,,,,,,,,,,,,,,,,,,-21.4,-13.7,-8.2,-6.8,-1.6,1.2,2.3,5.2,7.3,2.7,-3.1,-3.1,4.7,-1.9,-1.8,-1.2,-4.5,-3.5,-4.2,-6.8,-4.7,-2.8,-3.4,-1.3,-0.1,-0.5,-0.9,-0.9,-1.2,-1
Namibia,,,,,,,,,,,1,3.7,1.7,3.8,2.6,5,3.3,2.5,5,-0.8,4.9,0.3,2.5,5.4,6.7,4.5,13.6,8.6,-0.1,-3.6,-4,-6.9,-8.6,-8.2,-9.4,-13.6,-16.5,-4.4,-3.4,-1.8,3,-7.3,-6.9,-4.4,-3.2,-2.7,-2.5,-2.3
Nauru,,,,,,,,,,,,,,,,,,,,,,,,,,,,,53.4,64.5,48,28.7,35.7,49.5,27.3,-19.1,4.1,12.3,8,4.9,2.8,4.1,-2.2,0.1,-0.3,-0.2,-0.1,-0.1
Nepal,-4.9,-3.9,-7,-7.9,-7.7,-5.3,-3.6,-3.8,-5.3,-6.2,-6.6,-6.7,-5,-4.6,-5.1,-1.9,-4.4,-0.6,-0.8,3.5,5.6,6.7,3.4,2.1,2.4,1.7,1.9,-0.1,2.4,3.6,-2.1,-0.8,4.2,2.9,4,4.4,5.5,-0.3,-7.1,-6.9,-1,-8.2,-11.4,-7.4,-5.1,-3.9,-3.6,-2.7
Netherlands,-0.4,2.4,3.2,3.3,4.5,2.9,2.1,1.7,2.7,3.9,2.5,2.3,1.9,3.7,4.5,5.7,4.8,6,3,3.5,1.7,2.3,2.3,5.2,7.6,7,9.1,6.9,5,5.4,6.9,8.5,10.2,9.8,8.2,6.3,8.1,10.8,10.8,9.4,7,9.5,7.4,7.3,6.9,6.8,6.6,6.1
New Zealand,-4,-4.9,-7.4,-4.4,-8.8,-6.6,-5.6,-4,-0.3,-3,-2.9,-2.4,-3.7,-3.3,-3.2,-4,-4.7,-5.2,-2.8,-5,-3.3,-0.8,-2.1,-2.5,-4.6,-7.1,-7.2,-6.9,-7.8,-2.2,-2.3,-2.8,-3.9,-3.2,-3.1,-2.8,-2.1,-2.8,-4,-2.9,-0.8,-5.8,-6.5,-5.3,-4.2,-4.2,-4.2,-4.3
Nicaragua,-22.5,-27.4,-20.6,-17.5,-15.1,-20,-11.9,-20.3,-47.7,-17.4,-58.8,-7.2,-19.7,-16.2,-23.6,-17.4,-19.1,-19.2,-14.8,-19.1,-18.3,-15.4,-15,-13.3,-11.9,-12.4,-13.1,-16.3,-17.1,-8.5,-8.9,-11.9,-11.7,-12.6,-8,-9.9,-8.5,-7.2,-1.8,6,5.9,-2.6,-3,-1.4,-1.6,-1.8,-2.2,-2.1
Niger,-7.8,-5.9,-8.2,-2.4,0.1,-3.2,-5.8,-5.6,-7.2,-8.4,-6.8,-5.4,-4.7,-3.2,-6.5,-6.6,-4.5,-5.8,-5.8,-5.4,-4.7,-3.8,-6,-6.5,-6.2,-7.1,-6.6,-6.2,-9,-18.1,-14.5,-16.4,-10.9,-11.3,-12.1,-15.3,-11.4,-11.4,-12.6,-12.2,-13.4,-15.8,-15.8,-13.8,-9.7,-6.1,-8,-7.8
Nigeria,,,,,,,,,,,8,2,4.3,-1.4,-2.7,-1.9,2,0.3,-2,0.9,11,3.4,1.2,3.3,12.9,21.5,16.4,10.5,8.8,4.7,3.6,2.6,3.8,3.7,0.2,-3.1,1.3,3.4,1.5,-3.3,-4,-0.8,-1.1,-1.1,-0.9,-0.9,-0.8,-0.7
North Macedonia ,,,,,,,,,,,,,-0.4,-4.1,-8.6,-5.8,-7.1,-7.6,-8.3,-2.5,-1.8,-6.7,-8.9,-3.9,-7.9,-2.4,-0.4,-6.9,-12.8,-6.8,-2,-2.5,-3.2,-1.6,-0.5,-2,-2.9,-1,-0.1,-3.3,-3.4,-3.5,-5.8,-3.6,-2.9,-2.7,-2.6,-2.5
Norway,1.7,3.4,0.8,4,5.3,4.6,-6,-4.6,-4,-0.1,2.3,3.4,3.3,2.8,2.8,3.3,6.6,6,-0.5,5.3,14.5,15.6,12.1,11.8,12.3,16,16.1,12,15.4,10.6,10.8,12.4,12.6,10.3,10.8,8,4.5,5.5,8,2.9,1.1,15.3,19.9,16.8,14.4,12.3,10.8,10.4
Oman,17.6,17.8,6.2,6,3.4,0.1,-12.5,9.2,-3.7,3.7,9.4,-1.7,-4.5,-11,-5.8,-5.9,1.3,-1.2,-22.3,-3,16,10.2,8.4,6.7,3.6,16.7,15.2,5.8,8.2,-1,8.6,13,10.2,6.6,5.2,-15.9,-19.1,-15.6,-5.4,-5.5,-12,-3.7,5.9,5.6,3.6,1.9,1.5,1.5
Pakistan,-2.6,-2.1,-0.8,-1.4,-2.5,-1.9,-1.3,-2,-2.4,-2.5,-2.3,-2.6,-1.5,-4.4,-2.2,-2.4,-4.5,-3.9,-1.9,-2.1,-0.2,0.4,3.2,4,1.5,-1.1,-3.2,-3.9,-7.2,-4.9,-2,0.1,-1.9,-1,-1.1,-0.9,-1.6,-3.6,-5.4,-4.2,-1.5,-0.6,-5.3,-4.1,-3.1,-2.5,-2.5,-2.5
Palau,,,,,,,,,,,,,,,,,,,,,-49.8,-32.5,-28.3,-25.9,-32.7,-25.1,-26.5,-19.9,-21,-11,-9.4,-13.3,-15.9,-14.8,-19.4,-8.9,-13.4,-19.4,-15.6,-31.1,-48.3,-56.9,-51.5,-27,-23.5,-23,-21.7,-20.4
Panama,-8,-11.5,-3.8,3.8,-3.7,1.3,-1.6,9,13.7,2.1,3.7,-3.8,-3.7,-1.2,0.2,-5.5,-2,-4.7,-8.6,-9.4,-5.4,-1.3,-0.7,-3.9,-6.6,-6.4,-2.5,-7.2,-10.5,-0.8,-10.6,-13,-9.2,-9,-13.4,-9,-7.8,-6,-7.6,-5,2.2,-2.9,-4.1,-3.3,-3.2,-3.1,-2.8,-2.7
Papua New Guinea,-5.6,-10.2,-7.9,-9.9,-9.1,-4.6,-3,-5.5,-6.2,-6.8,-1.9,-2.7,0,7,6,12.8,2.5,-6.3,-5.7,-2.4,2.6,2.5,-1.2,0.2,-1.5,8.6,-1.6,2.2,4.9,-7.2,-19.6,-24.2,-36.7,-31.7,14.1,24.5,28.4,28.4,24.5,20.6,20.9,22,25.1,22.3,21.2,20.1,19.4,18.6
Paraguay,-6.8,-7.2,-6.9,-4.1,-6.4,-6,-7.3,-11.6,-3.8,6.3,7.8,2.5,0.4,2.2,-2,-2.4,-0.7,-5.5,1.4,1.6,-2.8,-0.4,8.6,0.2,-0.1,-0.6,1.2,4.4,0.8,2.7,0.2,0.6,-0.9,1.6,-0.1,-0.4,3.6,3,0.1,-0.5,2.7,0.8,-2.9,0.4,0.5,0.5,0.6,0.7
Peru,-5.2,-9.7,-9.1,-6.8,-1.4,0.3,-5.4,-4.3,-5.4,-0.5,-5.1,-4.5,-5.4,-7.2,-6.2,-9,-6.8,-6,-6.2,-2.8,-3.1,-2.3,-2,-1.6,0.1,1.6,3.3,1.5,-4.3,-0.5,-2.4,-2,-3.2,-5.1,-4.5,-5,-2.6,-1.3,-1.7,-1,0.8,-2.8,-1.5,-1.4,-1.5,-1.5,-1.4,-1.4
Philippines,-5.1,-5.1,-7.5,-7.3,-3.6,-0.1,2.8,-1.2,-0.9,-3,-5.3,-2,-1.7,-4.9,-4,-2.3,-4.2,-4.6,2.1,-3.4,-2.7,-2.2,-0.3,0.3,1.7,1.9,5.5,5.2,0.1,4.8,3.4,2.4,2.7,4,3.6,2.4,-0.4,-0.7,-2.6,-0.8,3.2,-1.8,-2.7,-2.2,-1.8,-1.8,-1.8,-1.8
Poland,-6,-7.4,-3,-2.1,-1.4,-1.4,-1.5,-0.6,-0.2,-2.1,4.9,-2.7,-3.5,-6.4,0.6,0.6,-2.1,-3.6,-4,-7.4,-6,-3.1,-2.8,-2.5,-5.7,-2.9,-4.3,-6.7,-7,-4.2,-5.5,-5.4,-4,-1.8,-2.6,-0.9,-0.8,-0.4,-1.3,0.5,2.9,-0.9,-2.9,-2.7,-2.5,-2.3,-2,-2
Portugal,-3.3,-14.4,-10.6,-5.8,-2.4,1.4,3.1,0.9,-1.9,0.3,-0.2,-0.8,-0.2,0.2,-2.2,-0.1,-4.5,-6.1,-7.5,-8.9,-10.8,-10.4,-8.4,-6.6,-8,-9.6,-10.3,-9.6,-11.8,-10.3,-10.3,-6,-1.6,1.6,0.2,0.2,1.2,1.3,0.6,0.4,-1.1,-1.1,-2.6,-1.4,-1,-0.8,-0.7,-0.4
Qatar,125.5,111.5,87.1,67.3,98.8,73.2,39.3,46.1,38.5,52.5,-10.6,-15.6,-16.7,-21.6,-19.2,-27.6,-27.3,-30.9,-25.5,0.8,9.2,23.7,19.8,24.3,24.6,16.8,16.1,15.1,23.6,7.2,20,31.1,33.2,30.4,24,8.5,-5.5,4,9.1,2.4,-2,14.7,19.9,15.1,9.7,6.8,5.1,4.8
Romania,-5.2,-1.5,1.9,2.4,4.4,2.9,2.7,3.5,6.5,4.6,-4.6,-4.3,-8.5,-4.4,-1.6,-4.4,-6.6,-5.4,-6.8,-4,-2.6,-3.2,-2.7,-4.7,-7.6,-8.8,-10.5,-13.6,-11.5,-4.7,-5.3,-5.1,-5,-0.9,-0.3,-0.8,-1.6,-3.1,-4.6,-4.9,-5,-7.1,-7,-6.5,-6.1,-5.9,-5.7,-5.6
Russian Federation,,,,,,,,,,,,,-1.7,1.3,3,2.2,2.4,-0.2,0,10.9,16.3,9.8,7.4,7.2,9.2,10.3,8.7,5.2,5.8,3.9,4.1,4.8,3.3,1.5,2.8,5,1.9,2,7,3.9,2.4,6.9,12.4,8.1,5.3,4.4,3.5,3.1
Rwanda,-3.5,-4.2,-5,-2.5,-2.2,-2.9,-2.8,-4.9,-4,-3.3,-2.9,-1.5,-3.6,-5.8,7,3.9,-0.5,-2.9,-3.6,-6.6,-4.6,-5.2,-6.9,-4.9,-1.8,-2.2,-4.2,-2.1,-4.7,-6.7,-6.5,-6.9,-9.7,-7.5,-11.4,-12.7,-15.3,-9.5,-10.1,-11.9,-11.9,-10.5,-11.4,-10.3,-8.8,-7.8,-6.2,-6.2
Saint Kitts and Nevis,,,,,,,,,,,,,,,,,,,,,,,,,,,,,,,,,,,0.3,-8.3,-12.3,-10.5,-5.5,-2.1,-8,-4.8,-5,-3.3,-3,-2.5,-1.5,-1
Saint Lucia,,,,,,,,,,,,,,,,,,,,,,,,,,,,,,,,,,,-2.5,0,-6.5,-2,1.5,5.7,-14.7,-10.9,-5.3,-1,0.6,0.6,0.4,0.1
Saint Vincent and the Grenadines,,,,,,,,,,,,,,,,,,,,,,,,,,,,,,,,,,,-24.7,-14.7,-12.7,-11.7,-10.2,-3.1,-15.6,-24.5,-27.7,-26.4,-16.3,-14.9,-9.5,-8.9
Samoa,-12.9,-14.2,-7.9,1.1,-2.5,1.8,8.9,9.2,10,10.4,7.3,-17.9,-13.5,-18,2.5,4.1,4.5,-3.2,0.9,-8.4,-1.7,-4.1,-8.5,-3.9,-3.4,-7.3,-8.7,-13.8,-4.9,-4.7,-6.4,-7,-9.5,-1.5,-9.1,-2.8,-4.5,-1.9,0.9,3,0.2,-15.3,-12.5,-7.2,-4.1,-3.1,-2.7,-2.4
San Marino,,,,,,,,,,,,,,,,,,,,,,,,,,,,,,,,,,,,,,-0.1,-1.9,6.2,3.7,2.7,0.3,1.2,1.6,1,0.5,0.2
Saudi Arabia,25.2,21.5,4.9,-13,-15.4,-12.4,-13.6,-11.4,-8.3,-10,-3.5,-20.8,-12.9,-13,-7.8,-3.7,0.4,0.2,-8.9,0.3,7.6,5.1,6.3,13,20.1,27.4,26.3,22.5,25.5,4.9,12.6,23.6,22.4,18.1,9.8,-8.7,-3.7,1.5,8.8,4.8,-3.1,6.6,19.5,14.8,11.3,8.5,6.3,4.6
Senegal,-10,-11.5,-8,-8.9,-8.1,-7.4,-5.2,-4.9,-6.7,-6.3,-6.3,-6.5,-6.8,-6.5,-6.1,-5.4,-5.3,-4.6,-5.3,-5.2,-5.5,-3.8,-4.6,-5,-5.1,-6.2,-6.2,-9.6,-11.3,-5.3,-3.5,-6.5,-8.8,-8.3,-7,-5.7,-4.2,-7.3,-8.8,-7.9,-10.9,-11.8,-13,-8.4,-3.8,-3.9,-3.6,-4.2
Serbia,,,,,,,,,,,,,,,,,,-5.1,-2.7,-4,-1.9,2.1,-3.9,-7.2,-13.2,-8,-9.1,-16,-19.9,-5.9,-6,-8.1,-10.8,-5.7,-5.6,-3.5,-2.9,-5.2,-4.8,-6.9,-4.1,-4.4,-6.1,-5.7,-6,-5.4,-5.1,-5
Seychelles,-10.6,-12.2,-27.5,-17.8,-8.8,-11.4,-16,-8.5,-10,-13,-3.5,-2.2,-1.6,1.8,6.5,0.3,-10.4,-11.7,-17.5,-18.7,-7,-24.6,-14.5,-1.3,-7.2,-18.9,-13.2,-10.8,-18.5,-14.8,-19.4,-23,-21.1,-11.9,-22.4,-18.1,-19.7,-19.1,-17.4,-16.2,-23,-20.3,-30,-23.6,-18.8,-17.5,-16.6,-16.1
Sierra Leone,-9.7,-7.2,-8.3,-1,-1.1,0.2,10.7,-2.7,-0.2,-3.5,-7.3,1.3,-0.6,-5.1,-6.7,-9.3,-11,-4.4,-3.4,-10.2,-11.9,-9,-5.9,-6,-6.9,-6.5,-5,-7.4,-9,-13.3,-22.7,-65,-31.8,-15,-9.4,-23.6,-7.6,-18.3,-12.4,-14.3,-6.8,-13,-17.2,-13.7,-11.8,-9.3,-8.3,-7.8
Singapore,-13.4,-10.7,-8.5,-3.6,-2.1,0.1,1.8,-0.5,7.3,9.5,8.1,10.7,11.2,6.8,15.3,16.5,14.6,15.6,21.8,17.2,11.1,14.4,14.9,24.3,19.3,23.3,26.9,27.1,15.1,16.4,22.9,22.2,17.6,15.7,18,18.7,17.6,17.3,15.2,14.5,16.8,18.1,13,12.7,12.6,12.5,12.3,12
Slovak Republic,,,,,,,,,,,,,,-4.7,4.2,2.7,-9.7,-8.8,-9.6,-4.5,-3.1,-8,-7.6,-4.9,-5.8,-7.3,-7,-4.8,-6.4,-3.4,-4.7,-4.9,0.9,1.9,1.1,-2.1,-2.7,-1.9,-2.2,-3.4,0.1,-2,-5,-4.8,-3.4,-2.8,-2.6,-2.3
Slovenia,,,,,,,,,,,,,5.6,1.7,3.4,-0.5,0.1,0.1,-0.7,-3.2,-2.8,0,0.9,-0.8,-2.7,-1.8,-1.8,-4.1,-5.3,-1.1,-0.8,-0.8,1.3,3.3,5.1,3.8,4.8,6.2,6,6,7.4,3.3,-0.5,-1.4,-1.7,-2.2,-2.1,-2.7
Solomon Islands,-3.1,-10.9,-2.1,-3.6,0.2,-17.2,5.7,0.1,-12,-15.2,-12.2,-16,-2.7,-2.4,0.3,-18.1,-6.8,-3.9,-1.2,2.8,-7.3,-6.3,-4.2,5.9,15.4,-6.1,-8,-12.9,-15.9,-17.7,-26.4,-7.2,1.4,-3,-3.8,-2.7,-3.5,-4.2,-3,-9.8,-1.6,-5.8,-11.9,-11.9,-10.5,-9.7,-9.1,-9.5
Somalia,,,,,,,,,,,,,,,,,,,,,,,,,,,,,,,,,,-11.6,-6.5,-6.3,-7.1,-7.7,-6.2,-10.4,-10.8,-14.9,-12.8,-12.4,-12.7,-12.1,-13.2,-13.2
South Africa,3.7,-5.5,-4,-0.4,-2.2,3.6,3.8,5.3,2.5,1.4,1.2,1,1.3,1.9,0,-1.5,-1,-1.3,-1.5,-0.4,-0.1,0.2,0.8,-0.7,-2.5,-2.8,-4,-4.8,-5,-2.4,-1.3,-2,-4.7,-5.3,-4.8,-4.3,-2.7,-2.4,-3,-2.6,2,3.7,1.3,-1,-1.5,-1.7,-1.9,-2
"South Sudan, Republic of",,,,,,,,,,,,,,,,,,,,,,,,,,,,,,,,18.2,-15.9,-3.9,-1.2,1.7,16.8,4.8,7.3,1.5,-15.6,-7.6,9.5,1.1,0.4,-1.2,2.4,1.3
Spain,-2.3,-2.5,-2.4,-1.4,1.2,1.1,1.5,0,-1,-2.8,-3.4,-3.5,-3.4,-2,-2.2,-1.3,-0.9,-0.7,-1.7,-3.2,-4.3,-4.4,-3.7,-3.9,-5.5,-7.3,-8.9,-9.4,-8.9,-4.1,-3.7,-2.7,0.1,2,1.7,2,3.2,2.8,1.9,2.1,0.8,0.9,0.3,0.4,1.1,1.4,1.4,1.5
Sri Lanka,-16.9,-12.9,-14.1,-7.7,-0.8,-6,-7.4,-6.3,-8.1,-7,-4,-6,-5,-5.1,-7.1,-6.7,-5.5,-3,-1.9,-3.6,-5.5,-1,-1.2,-0.3,-2.7,-2.2,-4.6,-3.8,-8.3,-0.4,-1.9,-7.1,-5.8,-3.4,-2.5,-2.3,-2.1,-2.6,-3.2,-2.2,-1.3,-4.3,-7.1,-4.6,-3.9,-3.6,-3.2,-3.1
Sudan,-10.2,-21,-23.2,-11,-9.6,-14.9,-18.4,-13.4,-19.3,-12.1,-98,-98.9,-47.6,-26.8,-24.8,-22,-13,-10.7,-13.1,-7.2,-3.9,-3.3,-5.4,-4.4,-3.1,-7,-14.4,-6.1,-5.5,-9,-2.6,-4,-12.8,-11,-5.8,-8.5,-6.5,-9.4,-14,-15.6,-17.5,-5.9,-6.6,-7,-6.6,-6.4,-6.4,-6.1
Suriname,1.2,-1.9,-3.8,-12.2,-8.5,-2.3,-3.4,-1.9,-2,7.7,-0.3,-15,-4.2,4.5,10.2,6.3,-5.1,-7,-11.5,-6.9,-0.7,-24.1,-13.6,-5,-6.9,-6.1,7.8,10.3,8.6,2.7,13.9,9.1,3,-3.6,-7.4,-15.3,-4.8,1.9,-3,-11.3,9.1,5.2,-1,0.2,-0.1,-0.3,-0.5,-1.1
Sweden,-3.1,-2.2,-3,-0.7,0.7,-1,0.6,0.2,-0.2,-1.4,-2.4,-1.7,-2.6,-1.2,1,3.1,3.3,3.8,3.5,3.8,3.8,4.6,4.4,5.8,5.9,6,8.1,8.1,7.7,5.9,5.8,5.4,5.5,5.2,4.2,3.3,2.4,3,2.7,5.5,6.1,5.5,4.9,4.4,4,3.8,3.7,3.6
Switzerland,-0.5,2.4,3.4,0.7,5.6,5.5,3,3.3,4.2,4,3,4.2,4.7,6.4,5.6,4.9,5.3,8.4,7.6,8.5,10.6,6.8,6.9,11,12.8,11.6,12.7,8.6,1.5,6.1,13.5,6.8,9.4,10.1,7.5,9.4,8,6.3,6.1,5.4,2.8,9.3,6.3,7,7.4,7,7.4,7
Syria,-4.9,-2.8,-1.4,-4.3,-4.2,-4.1,-2,-0.9,-0.8,12.4,14.2,13.2,4.1,-1.8,-5.6,1.3,-0.2,2.5,0.8,1.8,5.2,4,4.9,-7.7,-3.1,-2.2,1.4,-0.2,-1.3,-2.9,-2.8,,,,,,,,,,,,,,,,,
São Tomé and Príncipe,-19.8,-23.6,-34.2,-16,-22,-23.1,-12.6,-10,-18.7,-28.3,-24.9,-31.6,-28.4,-23.6,-18.8,-26.2,-17.6,-14.7,-17.1,-15.7,-21,-22.5,-20.9,-15.9,-22.2,-20.9,-33.9,84.8,-17.6,-25.9,-22.8,-27.9,-21.8,-14.5,-20.7,-12,-6.1,-13.2,-12.3,-12.1,-10.3,-9.7,-12.1,-8.7,-7.1,-6.5,-6.1,-4.6
Taiwan Province of China,,,,,11.4,14.5,20.8,17.2,8.1,7.5,6.6,6.7,3.8,3,2.5,2,3.7,2.2,1.1,2.5,2.5,5.7,7.9,8.9,5,4,6,7.9,6,10.4,8.3,7.8,8.7,9.7,11.3,13.6,13.1,14.1,11.6,10.7,14.2,14.7,13.2,11.6,10.2,9.5,9,8.5
Tajikistan,,,,,,,,,,,,,-16.8,-30.5,-20.2,-17.9,-7.8,-4,-7.3,-0.9,-1.6,-4.9,-1.2,-0.3,-2.8,-12.8,-13.2,-32.2,-20.6,-14.4,-10.3,-6.3,-9,-10.4,-3.4,-6.1,-4.2,2.1,-4.9,-2.2,4.1,2.8,-1.4,-2.2,-2.5,-2.5,-2.5,-1.9
Tanzania,-4.8,-3.1,-3.5,-2,-2.6,-3,-2,-5.2,-4.8,-5.2,-10.8,-12.3,-12.8,-17.3,-11.6,-9.2,-5.2,-4.7,-6.1,-6.6,-3.2,-2.5,-1.3,-1.1,-3.2,-5.3,-7.1,-8.4,-7.7,-7.5,-7.5,-10.5,-11.6,-10.7,-9.8,-7.7,-4.2,-2.6,-3.1,-2.6,-1.8,-3.3,-4.3,-3.6,-3,-2.8,-2.6,-2.5
Thailand,-6.2,-7.1,-2.7,-6.9,-4.9,-3.8,0.6,-0.7,-2.6,-3.3,-8.2,-7.5,-5.5,-4.9,-5.5,-8,-8,-2,12.5,9.8,7.4,4.2,3.5,3.1,1.6,-4,1,5.9,0.3,7.9,3.4,2.5,-1.2,-2.1,2.9,6.9,10.5,9.6,5.6,7,4.2,-2.1,-0.1,2,3.7,3.2,3.2,3.3
Timor-Leste,,,,,,,,,,,,,,,,,,,,,-4.1,-6.6,-9,-9,14.9,56.7,119.8,215.1,314.9,164.5,180.2,212.9,228.2,171.4,75.6,12.8,-33,-17.5,-12.1,6.5,-16.2,1.8,-28,-35.3,-38.9,-38.4,-37.8,-38.9
Togo,-4.8,-2.7,-6.2,-3.3,2.1,-2.1,-3.1,-2.9,-3.7,-2.2,-3,-5.1,-4.8,-3.8,-3.3,-5.4,-6.3,-4.7,-5.9,-5.4,-7,-8.5,-6.1,-5.7,-6.8,-6.6,-5.6,-6,-5,-3.9,-3.7,-5.1,-4.9,-9,-6.8,-7.6,-7.2,-1.5,-2.6,-0.8,-1.5,-3.3,-5.9,-6.4,-5.1,-4.2,-3.4,-2.6
Tonga,-4.6,2.9,4.7,5.8,5.4,3.7,-1.4,6,-5.9,-1.3,-11.4,-8.7,-5.9,-5,-9.2,-8.7,-4.9,-0.7,-8.6,-0.5,-5,-11.7,-7.8,-2.6,-4.6,-9.5,-6.6,-12.5,-6.2,-18.1,-23.8,-20.2,-14.9,-9.6,-6.3,-10.1,-6.5,-6.4,-6.3,-0.9,-3.9,4.9,-3.1,-18.3,-8.2,-7.6,-14.6,-15.3
Trinidad and Tobago,5.6,5.8,-7.2,-12,-5.9,-0.6,-8.4,-4.6,-1.9,-0.9,8.9,-0.1,2.5,2.4,4.3,5.4,1.8,-10.5,-10.5,0.4,6.6,4.6,0.8,8.6,13.3,24,38.3,23.5,30.1,8.3,18.5,18.3,15,20.4,15,8.2,-3.5,6.1,6.8,4.3,-0.6,4.5,9.9,7.3,4.2,4,4.1,4.7
Tunisia,-3.8,-8.9,-10.7,-8.1,-11.6,-6.4,-7.1,-0.9,0.9,-2.7,-4.8,-3.8,-5.7,-5.2,-1.6,-4.1,-2.4,-3.1,-3.2,-2.2,-4.7,-5.3,-3.9,-3.4,-3,-1.7,-2.5,-3.1,-4.4,-3.4,-5.3,-8,-8.7,-9.2,-9.3,-9.1,-8.8,-9.7,-10.4,-7.8,-5.9,-6.2,-10.1,,,,,
Turkey,-3.2,-1.9,-1.1,-2.3,-1.7,-1.1,-1.4,-0.7,1.3,0.7,-1.3,0.4,-0.4,-2.6,1.5,-1,-1,-1,0.7,-0.4,-3.6,1.9,-0.3,-2.4,-3.5,-4.1,-5.6,-5.4,-5.1,-1.8,-5.7,-8.9,-5.4,-5.8,-4.1,-3.2,-3.1,-4.8,-2.8,0.7,-4.9,-1.8,-5.7,-2,-0.9,-0.8,-1.2,-1.6
Turkmenistan,,,,,,,,,,,,,0,0,0,0,0,-12.8,-19.3,-8.8,4.9,1,4,1.6,0.3,3,9.3,9.2,9.8,-11.5,-9,-0.8,-1.5,-8.1,-7.8,-17.3,-23.1,-11.1,4.9,2.8,-3.3,2,5.8,5.9,4.8,3.6,2.3,1.4
Tuvalu,,,,,,,,,,,,,,,,,,,,,,53.6,23.3,-61.2,-18.3,-8,28,-16.2,-25.9,-69.6,-60.8,-84.8,-32.1,-7.2,-3.7,-70.6,13.9,11.5,53.9,-16.9,-7.9,2.1,-8.6,0.3,0.8,-8.6,-11.1,-9.7
Uganda,-1.1,0.2,-0.8,-0.8,1.4,0.1,-0.6,-1,-1.7,-2.8,-3.5,-4.4,-2.7,-4,-2.8,-3.8,-2.7,-3.8,-4.4,-3.7,-4.6,-3.7,-1.8,-0.4,0,0.4,-2.3,-3.2,-5.5,-4.3,-6.5,-7.6,-5.4,-5.7,-6.5,-6,-2.8,-4.8,-5.7,-6.2,-9.3,-7.9,-7,-9.8,-10,-12.7,-11.5,-9
Ukraine,,,,,,,,,,,,,-2.8,-2.4,-3.1,-3,-2.6,-2.6,-3,5.1,4.6,3.7,7.5,5.8,10.7,2.9,-1.5,-3.7,-7,-1.5,-2.2,-6.3,-8.1,-9.2,-3.9,1.7,-1.5,-2.2,-3.3,-2.7,3.3,-1.1,,,,,,
United Arab Emirates,25,23.9,16.7,13.7,19.6,18.5,8,11.5,7.7,10.3,16.2,2.7,4.4,5.7,0,0.2,6.1,11.4,4,6.6,16.2,9.1,3.3,5.8,6.4,13.2,17.3,7.9,7.1,3.1,4.2,12.4,19.5,18.8,13.5,4.9,3.7,7.1,9.8,8.9,5.9,11.7,18.5,14,11.3,9.6,8.9,8.2
United Kingdom,0.5,1.5,0.6,0.2,-0.5,-0.3,-1,-1.6,-3.5,-4,-3.1,-1.3,-1.5,-1.3,-0.4,-0.6,-0.5,-0.3,-0.7,-2.5,-2.2,-2,-2.1,-1.8,-2.3,-1.9,-2.8,-3.4,-3.9,-3.2,-3.1,-1.9,-3.5,-4.8,-5.1,-5.2,-5.3,-3.6,-3.9,-2.7,-2.5,-2.6,-5.5,-4.8,-4,-3.7,-3.6,-3.5
United States,0.1,0.2,-0.2,-1.1,-2.3,-2.7,-3.2,-3.3,-2.3,-1.8,-1.3,0,-0.8,-1.2,-1.7,-1.5,-1.5,-1.6,-2.4,-3,-3.9,-3.7,-4.2,-4.6,-5.2,-5.7,-5.9,-5.1,-4.7,-2.6,-2.9,-2.9,-2.6,-2,-2.1,-2.2,-2.1,-1.9,-2.1,-2.2,-2.9,-3.5,-3.5,-3.2,-2.8,-2.5,-2.3,-2.1
Uruguay,,,,,,,,,,,,,,,,,,,,,,,,,,,,,,,,,-3.7,-3.2,-3,-0.3,0.8,0,-0.4,1.6,-0.8,-1.9,-0.2,0,-0.3,-0.7,-1,-1.3
Uzbekistan,,,,,,,,,,,,,-5.3,-6.4,1.5,-0.2,-5.6,-3.2,-0.5,-0.8,3.2,1.3,2.3,5.1,5.7,6.4,8.1,6.5,8.9,4.2,4.6,4.6,1.8,1.8,2.6,1,0.2,2.4,-6.8,-5.6,-5,-7,-9.5,-7.4,-6.7,-5.6,-5.2,-5
Vanuatu,1,12.3,10.3,8,15.1,1.1,4.8,9.5,1.7,7.6,2.7,-2.7,-2.6,-1.3,-3.5,-2.2,-1.2,0.3,2.4,-6.9,1.3,-1.4,-6.1,-8.1,-2.8,-9.2,-6.1,-6.6,-10.7,-8.2,-6.2,-8.1,-6.8,-3.5,7.8,0.3,3.4,-4.4,12.2,13.6,2.5,-1.9,-7.8,-6,-4.2,-4.2,-4.2,-4.3
Venezuela,7.4,5.7,-4.8,6,8.7,6.2,-3.3,-3,-9.2,5.5,17.5,3.6,-6.2,-3.3,4.5,2.8,12.7,4.4,-4.8,2.2,10.1,1.6,8,14.1,13.8,17.7,14.8,5.8,10.2,0.2,1.8,4.6,0.7,1.8,2.4,-5,-1.4,6.1,8.8,6.8,-9.3,-1.4,9,6.5,,,,
Vietnam,-1.6,-4.2,-2.6,-1.9,-1.6,-5,-3.4,-2.6,-2.6,-7.3,-3.2,-1.4,-0.1,-8.3,-9,-10,-6.4,-4.5,-4,3.2,2.1,2.2,-1.4,-3.8,-2.5,-0.8,-0.2,-7.1,-8.6,-5.1,-3,0.1,4.7,3.6,3.7,-0.9,0.2,-0.6,1.9,3.7,4.4,-0.5,-0.1,0.8,0.6,0.3,0.1,0
West Bank and Gaza,,,,,,,,,,,,,,,-29.5,-31.7,-31,-31.4,-26.4,-34.8,-19.9,-20.7,-13.7,-27,-34.5,-26.6,-23.1,-7.2,5.2,-14.1,-13.5,-18.5,-14.9,-14.8,-13.6,-13.9,-13.9,-13.2,-13.2,-10.4,-12.3,-12.7,-12.8,-12.4,-11.6,-11.1,-10.3,-9.6
Yemen,,,,,,,,,,,5.8,-3.4,-2.3,-2.1,1,0.3,0.9,0.3,-5,7.2,13.8,6.8,4.1,1.5,1.6,3.8,1.2,-7,-4.6,-10.1,-3.4,-3,-1.7,-3.1,-0.7,-6.2,-2.8,-1.4,-0.8,-3.8,-6,-4.7,-12.3,-9.9,-10.1,-9.2,-7.4,-6.3
Zambia,-13.9,-19.8,-17.5,-9,-11.1,-12.3,-14.6,-4.3,0.4,-3.5,-2.3,0.2,-3.3,-2.5,1.3,-3.8,-3.4,-4.2,-16.1,-11.3,-12.2,-17.4,-12.1,-10.3,-3,-2.8,4.6,-1.2,-3.3,6,7.5,4.7,4.9,-0.8,2.1,-2.7,-3.3,-1.7,-1.3,0.6,12,6.7,4.4,4.3,3.9,3.7,3,3.6
Zimbabwe,,,,,,,,,,,-2.5,-5.8,-10.8,-4.1,-4,-4.5,-1.8,-7.7,-1.3,2.1,2.8,3.2,2.3,-0.7,-1.4,-1,1.9,3.8,-2.1,-7.6,-13.7,-19.5,-13.3,-13.9,-12,-8,-3.4,-1.3,-3.7,4,4.7,3.6,2.5,1.5,0.7,-0.2,-1.3,-2.5
Africa (Region),0.5,-4.5,-3.7,-2.4,-2.8,-0.6,-2.3,-1.1,-2.3,-2.1,-0.5,-0.8,-0.2,-0.9,-1.7,-2.1,0,-0.9,-2.8,-1.6,2.1,0.8,-0.2,0.6,2.6,5.7,6.2,4.5,3.5,-1.9,0.1,-0.3,-1,-2.6,-4.3,-6.5,-5.3,-3.6,-2.8,-3.8,-3.9,-1.7,-1.7,-2.6,-2.7,-2.7,-2.7,-2.5
Asia and Pacific,,,,,,,,,,,,,,,,,,1,2.7,2.1,2,1.9,2.4,2.7,2.7,2.6,3.5,4.2,3.4,2.8,2.5,1.1,0.9,0.9,1.5,2.2,2,1.7,0.9,1.4,2.2,2,1.3,1.2,1.1,1.1,0.9,0.8
Australia and New Zealand,-2.6,-4.2,-4.5,-3.3,-4.6,-5.1,-5.1,-3.5,-3.3,-5.6,-4.6,-3.2,-3.3,-3.1,-4.4,-4.8,-3.6,-3.2,-4.6,-5.4,-4,-2.1,-3.6,-4.9,-6.1,-6.2,-6.1,-6.8,-5.2,-4.3,-3.5,-3,-4.3,-3.3,-3.1,-4.4,-3.1,-2.6,-2.4,0.1,2.1,2.3,1.8,-0.2,-0.2,-0.4,-0.5,-0.7
Caribbean,-0.2,-3.2,-7.5,-8.5,-5.1,-2.7,-3.9,-3.5,-2,-2.1,-0.7,-3.7,0,1,2.1,1.2,-0.1,-4.7,-5.7,-2.4,-0.3,-2.3,-4.4,-0.9,1.7,3.3,7.8,3.3,5.3,-0.9,2.8,0.7,0,0.9,-2.2,-2.4,-3.9,-2.3,-3.1,-4.1,-5.7,-5,3.1,3.2,1.9,1.4,1.6,2.1
Central America,-6.9,-8.4,-5.8,-3.8,-4.1,-3.6,-2.8,-3.5,-2,-4.3,-3.5,-3,-6.1,-5.3,-4.3,-4,-3.1,-3.6,-4.3,-5.3,-5.6,-4.1,-4.3,-3.3,-3.5,-4.1,-4.3,-6.4,-8.9,-2.5,-5.5,-7.1,-6.4,-6.1,-6,-3.9,-2.6,-2.1,-2.9,-1,1.4,-1.8,-3.1,-2.5,-2.4,-2.3,-2.2,-2.1
Central Asia and the Caucasus,-3.2,-1.9,-1.1,-2.3,-1.7,-1.1,-1.4,-0.7,1.3,0.7,-1.3,0.4,-1.3,-2.9,0.7,-1.4,-2,-2,-0.9,-1,-2.8,0.8,-0.1,-2,-2.7,-2.9,-3.3,-3.1,-1.2,-0.6,-2.5,-3.5,-2.5,-3.3,-1.9,-3.3,-3.9,-3.9,-1.6,0,-4.2,-1.5,-1.1,0.2,0.2,-0.1,-0.7,-1
East Asia,,,,,,,,,,,,,,,,,,1.9,3.2,2.6,2.4,2,2.8,3.3,3.9,4.1,5.1,6.4,5.5,4,4,2.1,2.2,1.9,2.4,3.4,3.1,2.9,1.7,1.9,2.6,2.8,1.9,1.8,1.8,1.7,1.5,1.4
Eastern Europe ,-3.7,-3.6,-0.7,-0.3,0.7,-0.1,-1.1,0.1,1.3,-0.2,-0.1,-3.3,-2,-2.4,0.6,0,-0.9,-2.5,-3,-0.2,3.2,1.6,0.7,0.1,0.8,2,0.8,-1.9,-1.4,-0.2,0,0.6,0.4,0,0.9,2.1,0.8,0.8,2.5,1.3,1.6,2.1,4.1,1.8,0.6,0.3,0,-0.1
Europe,-1.7,-1.1,-0.7,0,0.5,0.5,0.9,0.5,0.2,-0.1,-0.4,-1.1,-0.9,0.1,0.3,0.5,0.8,1.2,0.6,0.5,0.1,0.4,0.7,0.7,1.3,1.1,0.9,0.2,-0.4,0.5,0.9,1.2,1.9,2,2,2.4,2.2,2.4,2.6,2.2,2,3.1,2.3,2.2,2.2,2.2,2.1,2.1
Middle East (Region),18.3,15.8,7,-1.6,-0.6,0.3,-2,-0.8,-0.4,0.8,0.8,-11,-7.5,-5.5,-2.2,-1.2,1.3,1,-3.7,1.6,6.5,3.8,3.9,6.1,7.8,14.5,16.1,11.9,13.3,2.7,7.4,15.4,15.6,13.3,9,-1.9,-1.8,1.5,5.8,3,-0.6,5.2,11,8,5.9,4.4,3.6,3.1
North Africa,5.1,-5.5,-4.4,-3.5,-4.6,-0.7,-3.4,-1.8,-2.7,-2.5,-0.2,1.8,2.7,0.2,-1.7,-1.8,-0.1,0.9,-2.4,-0.9,4.1,3.5,1.3,3,6.9,12.1,14.8,13.4,11.8,-0.2,2.6,0.8,1.8,-2.5,-6,-8.3,-9,-6.8,-3.6,-4.6,-5.5,-2.9,-1.4,-2.5,-3,-2.9,-2.9,-3.1
North America,-0.5,-0.7,-0.1,-0.7,-1.8,-2.4,-3.1,-3.1,-2.3,-2,-1.6,-0.6,-1.5,-1.8,-2.1,-1.4,-1.4,-1.6,-2.3,-2.7,-3.4,-3.3,-3.7,-3.9,-4.4,-4.9,-5,-4.3,-4.1,-2.6,-2.8,-2.8,-2.6,-2.1,-2.1,-2.4,-2.2,-1.9,-2.1,-2.1,-2.6,-3.1,-3,-2.9,-2.6,-2.3,-2.2,-2
Pacific Islands ,-4.8,-10.2,-7.3,-8.4,-6.7,-4.7,-2,-2.8,-3.9,-5.2,-3.7,-3.8,-1.1,3.7,3.9,7.4,1.4,-5,-3.8,-2.3,0,-0.9,-2,-1.7,-4.1,1.6,-5.7,-2.6,-1.1,-7.3,-16.4,-19.2,-27.8,-24.9,9.4,17,19.3,18.9,16.5,13.1,14,14,16.4,14.5,14.1,13.3,12.7,12.1
South America,-2.5,-4.1,-6.6,-2.2,-0.6,-0.2,-2.5,-2,-0.9,0.4,1,0,-0.7,-2,-1.7,-2.4,-2.2,-3.3,-4.3,-2.8,-1.7,-2.4,0.4,2,2.5,2.8,2.8,1.1,-0.3,-0.6,-2.3,-1.9,-2.6,-2.8,-3.4,-3.4,-1.9,-1.7,-2.9,-2.8,-1.2,-2,-1.3,-1.4,-1.5,-1.6,-1.6,-1.7
South Asia,-1.9,-2,-2,-1.7,-1.5,-2.2,-2,-1.9,-2.6,-2.4,-2.9,-1.1,-1.7,-1.3,-1.4,-1.9,-1.9,-1.8,-1.1,-1.2,-0.6,0.4,1.3,2.3,-0.1,-1.2,-1.3,-1.5,-2.9,-2.6,-2.4,-3.8,-4.2,-1.5,-1.2,-0.9,-0.6,-2,-2.7,-1.4,0.3,-1.6,-3.5,-2.9,-2.8,-2.6,-2.6,-2.6
Southeast Asia,-1.5,-4,-5.8,-6.4,-2.9,-0.8,-0.9,0,0.3,-0.3,-2.4,-2.4,-1,-2,-1.3,-2.5,-2.2,-0.3,8.9,7.3,5.8,5.3,4.9,6.5,5.5,5.1,7.7,7.7,4,6.1,5.3,5,2.4,1.6,2.9,3.1,3.2,3,1.7,2.4,3.5,1.8,3.2,2.2,1.8,1.6,1.4,1.3
Sub-Saharan Africa (Region) ,-1.4,-4.2,-3.4,-1.9,-1.8,-0.5,-1.5,-0.6,-2,-1.8,-0.7,-1.9,-1.4,-1.3,-1.7,-2.2,0,-1.5,-2.9,-1.9,0.9,-0.8,-0.9,-0.6,0.8,3.1,2.8,0.8,-0.1,-2.6,-0.9,-0.7,-2.1,-2.6,-3.7,-5.8,-3.8,-2.4,-2.5,-3.5,-3.2,-1.2,-1.8,-2.6,-2.6,-2.7,-2.6,-2.3
Western Europe,-1.6,-1,-0.7,0,0.5,0.5,1,0.5,0.2,-0.1,-0.4,-1,-0.9,0.3,0.3,0.6,1,1.5,0.9,0.5,-0.1,0.3,0.7,0.8,1.3,1,1,0.5,-0.2,0.7,1.1,1.3,2.2,2.4,2.2,2.4,2.4,2.7,2.7,2.4,2.1,3.3,1.9,2.2,2.5,2.5,2.5,2.5
Western Hemisphere (Region),-0.8,-1.2,-0.9,-0.9,-1.8,-2.2,-3,-3,-2.2,-1.8,-1.3,-0.5,-1.4,-1.8,-2.1,-1.5,-1.5,-1.9,-2.6,-2.8,-3.3,-3.2,-3.4,-3.5,-3.8,-4.1,-4.1,-3.6,-3.5,-2.3,-2.7,-2.6,-2.6,-2.3,-2.4,-2.5,-2.2,-1.9,-2.3,-2.2,-2.4,-3,-2.8,-2.7,-2.4,-2.2,-2.1,-1.9
ASEAN-5,-0.8,-3.6,-5.6,-6.6,-2.9,-2.2,-1.8,-0.7,-1.1,-2,-4.3,-4.7,-3,-3.4,-3.8,-5.4,-4.7,-2.9,6.7,5.8,4.6,3.6,3.2,3.7,3.1,1.9,4.5,4.5,2.1,4.8,2.7,2.5,0.2,-0.3,0.8,1.2,1.5,1.4,0.1,1.1,2.2,-0.1,2,0.9,0.5,0.3,0.2,0.1
Advanced economies,-1.1,-0.7,-0.5,-0.4,-0.6,-0.6,-0.2,-0.3,-0.2,-0.4,-0.5,-0.2,-0.2,0.2,0,0.1,0,0.3,0.1,-0.4,-0.9,-0.9,-0.8,-0.8,-0.6,-1.1,-1.2,-0.9,-1.3,-0.2,0,-0.1,0.1,0.5,0.5,0.6,0.8,1,0.8,0.7,0.4,0.7,-0.1,0,0.3,0.5,0.5,0.6
Emerging and Developing Asia,,,,,,,,,,,,,,,,,,0.6,2.7,2.1,1.9,1.6,2.3,2.7,2.6,3.5,5.6,6.4,5.7,3.4,2.4,0.8,0.9,0.7,1.5,1.9,1.3,0.9,-0.3,0.5,1.5,1,0.6,0.4,0.3,0.2,0,-0.1
Emerging and Developing Europe,-3.5,-3,-0.8,-0.9,-0.1,-0.5,-1.2,-0.2,1.3,0.2,-0.8,-1.1,-1.7,-2.6,0.7,-0.1,-0.3,-1.7,-1.7,0.3,2.1,2.6,1.3,0.4,0.7,1.4,0.3,-2,-1.7,-0.4,-0.9,-1,-0.7,-1.3,-0.3,1,-0.3,-0.5,1.7,1.3,0,1.7,3.2,1.7,0.7,0.3,0,-0.3
Emerging market and developing economies,1.2,-0.8,-1.9,-1.7,-0.9,-0.5,-2,,,,,,,,,,,-1.1,-1.6,-0.1,1.3,0.7,1.3,2,2.4,3.9,4.7,3.6,3.4,1.2,1.2,1.4,1.2,0.5,0.5,-0.3,-0.3,-0.1,-0.2,0,0.5,0.9,1.5,0.9,0.4,0.2,-0.1,-0.2
Euro area,,,,,,,,,,,,,,,,,,0.8,0.3,-0.5,-1.5,-0.4,0.6,0.2,0.7,0.1,-0.2,0,-1.8,-0.3,-0.3,-0.4,1,2.1,2.3,2.7,3,3.2,2.9,2.3,1.9,2.4,1.8,2.2,2.5,2.6,2.6,2.6
European Union,-2.2,-1.9,-1.2,-0.2,0.3,0.4,1.3,0.8,0.9,0.6,0,-1.3,-1.1,0,0.1,0.4,0.7,1.2,0.7,0.5,-0.7,-0.1,0.5,0.3,1,0.4,0.4,0,-0.7,0.5,0.6,0.8,2.1,2.8,2.9,3.3,3.4,3.4,3.2,2.9,2.9,3.3,2,2.4,2.6,2.7,2.7,2.7
Latin America and the Caribbean,-3.4,-4.9,-5,0,0.8,0.3,-2,-0.7,-1.1,-0.7,-0.3,-1.9,-3.4,-3.7,-3.7,-2,-1.9,-2.9,-4,-2.8,-2.2,-2.4,-0.8,0.6,1.1,1.4,1.6,0.2,-0.9,-0.8,-2,-1.9,-2.5,-2.9,-3.2,-3.3,-2,-1.7,-2.7,-2.1,-0.2,-1.6,-1.2,-1.2,-1.3,-1.4,-1.5,-1.5
Major advanced economies (G7),-0.7,-0.3,-0.1,-0.2,-0.7,-0.8,-0.4,-0.6,-0.4,-0.4,-0.5,-0.2,-0.2,0.1,-0.1,-0.1,-0.1,0.1,-0.3,-0.8,-1.4,-1.4,-1.4,-1.5,-1.3,-1.7,-1.8,-1.3,-1.6,-0.7,-0.7,-0.8,-0.8,-0.7,-0.7,-0.5,-0.2,0,-0.2,-0.1,-0.7,-0.9,-1.5,-1.2,-0.9,-0.6,-0.5,-0.4
Middle East and Central Asia,14.2,10.2,4.2,-1.8,-1.6,-0.4,-2.8,-1.2,-1.3,-0.5,0.2,-8.5,-4.9,-4.1,-2,-1.3,0.5,0.4,-3.9,0.6,6,3.7,3.4,5.1,6.8,12.2,13.4,10.4,11.7,1.3,5.8,11.6,11,8.4,4.9,-3.9,-4.1,-1.1,2.9,0.5,-2.5,3,8.3,5.6,3.7,2.6,1.9,1.4
Other advanced economies,,,,,0.4,0.7,0.9,1.6,1.4,0.6,0.3,0.7,0.8,1.4,0.7,0.2,0.4,1,3,2.8,3,3.5,3.4,4.3,4.2,3.9,4.3,3.5,2.8,3.9,4.7,3.9,4,4.8,5,5.4,5,4.7,4.4,4.7,5.6,7.2,5.9,5.3,5.1,4.9,4.7,4.5
Sub-Saharan Africa,-1.1,-3.8,-3.1,-1.7,-1.5,-0.2,-1.1,-0.1,-1.5,-1.3,-0.2,-1.3,-1.1,-1,-1.5,-2,0.1,-1.4,-2.7,-1.8,1.1,-0.8,-0.8,-0.5,1,3.7,3.6,1.3,0.2,-2.3,-0.8,-0.6,-1.7,-2.2,-3.6,-5.7,-3.6,-2.2,-2.3,-3.2,-3,-1.1,-1.7,-2.5,-2.5,-2.6,-2.5,-2.3
